温度（℃）,原始放热功率（W/kg）,端点线性基线（W/kg）,校正放热功率（W/kg）,固化进度
14.05,403.86,403.86,0.0,1.0
14.084,408.99,403.8502272727273,5.139772727272714,0.9999957138006729
14.118,414.36,403.8404545454546,10.519545454545437,0.999982655060021
14.152,419.98999999999995,403.83068181818186,16.159318181818094,0.999960406814148
14.187,425.88,403.82062165775403,22.059378342245964,0.9999275977799251
14.221,432.06,403.8108489304813,28.24915106951869,0.9998856440990218
14.254,438.53,403.80136363636365,34.728636363636326,0.9998346698460693
14.288,445.29999999999995,403.7915909090909,41.508409090909026,0.9997710936550057
14.322,452.39,403.7818181818182,48.60818181818178,0.9996959429252329
14.356,459.81,403.7720454545455,56.03795454545451,0.9996086756036853
14.39,467.58,403.7622727272727,63.81772727272727,0.9995087246194636
14.425,475.7,403.75221256684495,71.94778743315504,0.9993921760235305
14.46,484.18,403.7421524064171,80.43784759358289,0.9992613598008601
14.493,493.05,403.73266711229945,89.31733288770056,0.9991239598720509
14.527,502.31000000000006,403.72289438502673,98.58710561497332,0.9989672611383484
14.562,511.98,403.71283422459896,108.26716577540105,0.9987896860380326
14.595,522.08,403.7033489304813,118.37665106951874,0.9986062404182218
14.631,532.5999999999999,403.6930013368984,128.9069986631015,0.9983878933153414
14.665,543.5799999999999,403.6832286096257,139.89677139037423,0.9981637303806206
14.698,555.01,403.67374331550803,151.33625668449196,0.997928006220622
14.733,566.92,403.6636831550802,163.25631684491975,0.9976579426274095
14.767,579.31,403.6539104278075,175.65608957219246,0.997375314152293
14.801,592.1999999999999,403.64413770053477,188.55586229946516,0.9970715876830707
14.835,605.6,403.63436497326205,201.96563502673797,0.9967459209526718
14.87,619.51,403.6243048128342,215.88569518716577,0.9963872143551186
14.904,633.95,403.6145320855615,230.33546791443854,0.9960150981253667
14.939,648.9300000000001,403.6044719251337,245.32552807486638,0.9956067645264937
14.973,664.46,403.59469919786096,260.8653008021391,0.9951846379257124
15.005,680.5400000000001,403.5855013368984,276.9544986631017,0.9947625175695525
15.04,697.1800000000001,403.5754411764706,293.6045588235295,0.9942727182476037
15.075,714.39,403.5653810160428,310.8246189839572,0.993753842948769
15.11,732.17,403.555320855615,328.614679144385,0.9932049130342561
15.144,750.52,403.54554812834226,346.9744518716577,0.9926415204812277
15.178,769.4499999999999,403.53577540106954,365.9142245989304,0.9920470228005771
15.211,788.95,403.5262901069519,385.42370989304817,0.9914388894969683
15.246,809.03,403.5162299465241,405.51377005347587,0.9907599051985011
15.281,829.68,403.5061697860963,426.17383021390367,0.9900459387521902
15.314,850.9,403.4966844919786,447.40331550802136,0.9893388649692801
15.35,872.6800000000001,403.48633689839573,469.19366310160433,0.9885295259975989
15.383,895.02,403.47685160427807,491.5431483957219,0.9877519051371941
15.417,917.91,403.46707887700535,514.4429211229947,0.9869129853944139
15.45,941.33,403.45759358288774,537.8724064171123,0.9860612408368762
15.485,965.28,403.4475334224599,561.8324665775401,0.9851171936009785
15.52,989.73,403.4374732620321,586.2925267379679,0.9841315798667655
15.553,1014.6800000000001,403.4279879679145,611.2520120320855,0.9831622867123165
15.588,1040.1000000000001,403.41792780748665,636.6820721925135,0.9820909913568759
15.621,1065.98,403.408442513369,662.571557486631,0.9810393748128813
15.657,1092.3,403.3980949197861,688.9019050802139,0.9798460475731302
15.691,1119.02,403.3883221925134,715.6316778074865,0.9786747679821054
15.724,1146.13,403.3788368983957,742.7511631016043,0.97749435217418
15.758,1173.6,403.369064171123,770.2309358288769,0.9762326343515135
15.793,1201.3899999999999,403.3590040106952,798.0309959893048,0.9748863519276987
15.828,1229.49,403.3489438502674,826.1410561497325,0.9734920731770111
15.86,1257.86,403.33974598930484,854.520254010695,0.9721729671278574
15.894,1286.46,403.3299732620321,883.1300267379679,0.9707238922641614
15.928,1315.27,403.32020053475935,911.9497994652406,0.9692269253063694
15.96,1344.25,403.3110026737968,940.9389973262032,0.967772642515732
15.996,1373.3500000000001,403.3006550802139,970.0493449197862,0.9660852735019759
16.029,1402.56,403.29116978609625,999.2688302139037,0.9644913063765032
16.064,1431.8200000000002,403.2811096256685,1028.5388903743317,0.9627505245353352
16.097,1461.1000000000001,403.2716243315508,1057.8283756684493,0.9610618178165699
16.131,1490.37,403.2618516042781,1087.1081483957219,0.9592730956348514
16.166,1519.5700000000002,403.25179144385027,1116.3182085561498,0.9573815530829667
16.199,1548.6899999999998,403.24230614973266,1145.4476938502671,0.9555508786193513
16.234,1577.6699999999998,403.23224598930483,1174.437754010695,0.953559361169139
16.266,1606.48,403.22304812834227,1203.2569518716577,0.9516931722763453
16.3,1635.0800000000002,403.21327540106955,1231.8667245989307,0.9496624549630526
16.334,1663.43,403.20350267379683,1260.2264973262031,0.9475842291624488
16.369,1691.5,403.193442513369,1288.306557486631,0.9453964280122746
16.401,1719.26,403.18424465240645,1316.0757553475935,0.9433523180881637
16.434,1746.66,403.1747593582888,1343.4852406417112,0.9411996680749127
16.47,1773.6799999999998,403.1644117647059,1370.515588235294,0.9388032531932956
16.502,1800.2800000000002,403.15521390374334,1397.124786096257,0.9366310063892599
16.536,1826.44,403.1454411764706,1423.2945588235293,0.9342789803095103
16.569,1852.13,403.13595588235296,1448.9940441176473,0.9319541484637638
16.603,1877.3200000000002,403.12618315508024,1474.1938168449199,0.9295164208622371
16.638,1901.99,403.1161229946524,1498.8738770053476,0.9269641757940918
16.67,1926.11,403.10692513368986,1523.00307486631,0.924592385509569
16.705,1949.67,403.09686497326203,1546.573135026738,0.921957292215461
16.738,1972.6399999999999,403.0873796791444,1569.5526203208556,0.9194350984554172
16.773,1995.03,403.0773195187166,1591.9526804812833,0.9167210881661199
16.806,2016.8,403.0678342245989,1613.732165775401,0.9141264052326662
16.841,2037.96,403.05777406417116,1634.902225935829,0.9113375985325691
16.873,2058.49,403.0485762032086,1655.4414237967912,0.9087550959272451
16.909,2078.3900000000003,403.03822860962566,1675.3517713903748,0.9058140642607814
16.94,2097.67,403.0293181818182,1694.6406818181817,0.9032517042184054
16.975,2116.31,403.0192580213904,1713.2907419786095,0.9003261481717154
17.01,2134.32,403.00919786096256,1731.3108021390376,0.8973691124739126
17.045,2151.7200000000003,402.9991377005348,1748.7208622994654,0.8943816616092976
17.077,2168.5,402.98993983957223,1765.5100601604277,0.8916234358799879
17.112,2184.6899999999996,402.9798796791444,1781.7101203208551,0.8885783066923868
17.145,2200.29,402.97039438502674,1797.3196056149732,0.8856814382247791
17.179,2215.32,402.960621657754,1812.3593783422461,0.8826712265961136
17.213,2229.79,402.9508489304813,1826.8391510695187,0.8796363977980555
17.249,2243.74,402.9405013368984,1840.7994986631013,0.8763979375341172
17.282,2257.18,402.93101604278075,1854.248983957219,0.8734071634262587
17.315,2270.14,402.9215307486631,1867.2184692513367,0.8703950057902642
17.349,2282.6499999999996,402.91175802139037,1879.7382419786093,0.8672703144494609
17.382,2294.73,402.90227272727276,1891.8277272727273,0.8642176070492813
17.416,2306.4300000000003,402.89250000000004,1903.5375000000004,0.8610525465015304
17.451,2317.7599999999998,402.8824398395722,1914.8775601604275,0.8577746086915088
17.486,2328.7599999999998,402.8723796791444,1925.8876203208554,0.8544774843071352
17.52,2339.48,402.86260695187167,1936.6173930481284,0.85125643402574
17.554,2349.94,402.85283422459895,1947.087165775401,0.8480177048541905
17.588,2360.1800000000003,402.84306149732623,1957.336938502674,0.8447616970778269
17.622,2370.25,402.8332887700535,1967.4167112299465,0.8414887359284894
17.657,2380.1800000000003,402.8232286096257,1977.3567713903747,0.8381023250886713
17.691,2390.02,402.81345588235297,1987.206544117647,0.8347961655526122
17.725,2399.79,402.80368315508025,1996.9863168449197,0.8314736363930334
17.76,2409.5499999999997,402.7936229946524,2006.7563770053473,0.8280366031342085
17.795,2419.34,402.7835628342246,2016.5564371657756,0.8245827698061569
17.829,2429.19,402.7737901069519,2026.4162098930483,0.8212112225492839
17.862,2439.14,402.7643048128342,2036.3756951871655,0.8179227967295737
17.897,2449.23,402.75424465240644,2046.4757553475936,0.8144178521566159
17.93,2459.5,402.7447593582888,2056.755240641711,0.8110966949163014
17.965,2469.9900000000002,402.734699197861,2067.255300802139,0.8075564171126206
17.999,2480.74,402.72492647058823,2078.0150735294114,0.8040995609378104
18.032,2491.7799999999997,402.7154411764706,2089.0645588235293,0.8007267245789792
18.066,2503.13,402.7056684491979,2100.424331550802,0.797232993354674
18.102,2514.85,402.69532085561497,2112.1546791443848,0.7935133603597951
18.136,2526.95,402.68554812834225,2124.2644518716575,0.7899804927034849
18.17,2539.46,402.67577540106953,2136.7842245989305,0.7864270857846899
18.205,2552.4,402.6657152406417,2149.734284759358,0.7827473021902394
18.238,2565.82,402.6562299465241,2163.163770053476,0.7792564403266298
18.271,2579.71,402.6467446524064,2177.0632553475934,0.7757434583804248
18.306,2594.11,402.6366844919786,2191.4733155080216,0.771993265964342
18.341,2609.02,402.62662433155083,2206.393375668449,0.7682178949574415
18.377,2624.4700000000003,402.61627673796795,2221.8537232620324,0.7643078308430742
18.41,2640.46,402.6067914438503,2237.8532085561496,0.760698141800277
18.445,2656.99,402.59673128342246,2254.3932687165775,0.7568417499864519
18.478,2674.09,402.58724598930485,2271.5027540106953,0.753178487460047
18.51,2691.73,402.5780481283423,2289.1519518716577,0.749598951729522
18.546,2709.94,402.56770053475935,2307.3722994652408,0.7455403018564576
18.581,2728.69,402.5576403743316,2326.1323596256684,0.7415626462387083
18.615,2747.9900000000002,402.54786764705887,2345.4421323529414,0.737666890432602
18.65,2767.82,402.53780748663104,2365.282192513369,0.7336229452004095
18.682,2788.17,402.5286096256685,2385.6413903743314,0.7298940725242987
18.716,2809.02,402.51883689839576,2406.501163101604,0.7258977716607569
18.751,2830.36,402.50877673796793,2427.8512232620324,0.7217476972910094
18.783,2852.17,402.4995788770054,2449.670421122995,0.7179194611871083
18.817,2874.4100000000003,402.48980614973266,2471.9201938502674,0.7138152099873294
18.85,2897.0600000000004,402.480320855615,2494.5796791443854,0.7097953224820099
18.885,2920.1000000000004,402.47026069518716,2517.629739304813,0.7054925658393649
18.919,2943.4900000000002,402.46048796791445,2541.0295120320857,0.7012740092941686
18.953,2967.21,402.4507152406417,2564.7592847593583,0.6970161501111445
18.986,2991.2000000000003,402.44122994652406,2588.7587700534764,0.6928448899950159
19.021,3015.45,402.4311697860963,2613.0188302139036,0.6883793975834802
19.054,3039.8999999999996,402.4216844919786,2637.478315508021,0.6841296425421951
19.088,3064.52,402.4119117647059,2662.108088235294,0.6797101701485092
19.121,3089.27,402.40242647058824,2686.867573529412,0.6753807065466068
19.156,3114.11,402.39236631016047,2711.7176336898397,0.6707462636448903
19.189,3138.9900000000002,402.3828810160428,2736.6071189839577,0.6663363868386336
19.223,3163.8799999999997,402.3731082887701,2761.5068917112294,0.6617513567558257
19.256,3188.73,402.3636229946524,2786.3663770053477,0.6572609053304114
19.289,3213.4900000000002,402.35413770053475,2811.1358622994653,0.6527302841911398
19.322,3238.12,402.34465240641714,2835.775347593583,0.6481596714061227
19.356,3262.5899999999997,402.3348796791444,2860.2551203208554,0.6434095932889398
19.39,3286.85,402.32510695187165,2884.5248930481284,0.6386188615709049
19.422,3310.85,402.3159090909091,2908.534090909091,0.6340720447300314
19.456,3334.55,402.30613636363637,2932.243863636364,0.6292012576607751
19.49,3357.9300000000003,402.29636363636365,2955.6336363636365,0.6242911929715247
19.522,3380.9300000000003,402.2871657754011,2978.642834224599,0.619633538307626
19.557,3403.5299999999997,402.27710561497327,3001.2528943850266,0.6145000664351437
19.589,3425.68,402.2679077540107,3023.4120922459892,0.6097714682458807
19.622,3447.36,402.25842245989304,3045.101577540107,0.6048596102169135
19.656,3468.52,402.2486497326203,3066.2713502673796,0.5997631664787977
19.69,3489.14,402.2388770053476,3086.9011229946523,0.5946318649379904
19.723,3509.2,402.22939171122994,3106.9706082887697,0.5896185420307412
19.757,3528.66,402.2196189839572,3126.4403810160425,0.5844203273613336
19.791,3547.5,402.2098462566845,3145.2901537433154,0.5791901569579556
19.823,3565.7000000000003,402.20064839572194,3163.499351604278,0.5742385570436657
19.857,3583.23,402.1908756684492,3181.0391243315507,0.5689476700745867
19.89,3600.0800000000004,402.18139037433156,3197.898609625669,0.563784554651313
19.924,3616.24,402.17161764705884,3214.0683823529407,0.5584374371686628
19.956,3631.68,402.1624197860963,3229.517580213904,0.553380039125358
19.99,3646.39,402.15264705882356,3244.237352941176,0.5479813949612862
20.023,3660.3599999999997,402.1431617647059,3258.216838235294,0.5427183052551625
20.057,3673.5899999999997,402.1333890374332,3271.4566109625666,0.5372730290864172
20.089,3686.06,402.1241911764706,3283.9358088235294,0.532127877149356
20.123,3697.7799999999997,402.1144184491979,3295.665581550802,0.5266409646828139
20.154,3708.73,402.1055080213904,3306.6244919786095,0.5216209403036852
20.188,3718.9100000000003,402.0957352941177,3316.8142647058826,0.516097470639004
20.222,3728.33,402.08596256684496,3326.244037433155,0.5105576396900809
20.256,3736.97,402.0761898395722,3334.8938101604276,0.5050027317057183
20.287,3744.86,402.06727941176473,3342.792720588235,0.4999253799372862
20.322,3751.9700000000003,402.0572192513369,3349.9127807486634,0.4941799928935712
20.354,3758.33,402.04802139037434,3356.2819786096256,0.4889164802391225
20.388,3763.94,402.0382486631016,3361.9017513368985,0.483314000107987
20.421,3768.79,402.02876336898396,3366.761236631016,0.47786781688750385
20.455,3772.9,402.01899064171124,3370.881009358289,0.4722491097590295
20.489,3776.2799999999997,402.0092179144385,3374.270782085561,0.466624140211887
20.521,3778.9199999999996,402.00002005347596,3376.9199799465237,0.46132531140006855
20.555,3780.85,401.99024732620325,3378.8597526737967,0.4556914789173967
20.588,3782.06,401.9807620320856,3380.079237967914,0.4502207902850593
20.622,3782.57,401.97098930481286,3380.599010695187,0.4445828727937147
20.654,3782.3799999999997,401.9617914438503,3380.4182085561492,0.4392763314588072
20.687,3781.5,401.95230614973264,3379.5476938502675,0.43380481164356877
20.72,3779.95,401.94282085561497,3378.0071791443847,0.4283352433167544
20.753,3777.73,401.93333556149736,3375.796664438503,0.42286871107503965
20.787,3774.85,401.92356283422464,3372.9264371657755,0.4172407633130973
20.818,3771.3199999999997,401.91465240641713,3369.4053475935825,0.41211425878895175
20.853,3767.15,401.9045922459893,3365.2454077540106,0.4063328636288046
20.885,3762.34,401.89539438502675,3360.4446056149736,0.4010540496716248
20.917,3756.91,401.8861965240642,3355.023803475936,0.3957832583778773
20.952,3750.8599999999997,401.87613636363636,3348.9838636363634,0.3900281689325253
20.986,3744.2000000000003,401.86636363636364,3342.3336363636367,0.38444809329723684
21.019,3736.9500000000003,401.856878342246,3335.093121657754,0.3790433807071471
21.051,3729.0899999999997,401.8476804812834,3327.242319518716,0.3738142920568542
21.083,3720.65,401.83848262032086,3318.811517379679,0.3685979824016885
21.117,3711.63,401.82870989304814,3309.801290106952,0.3630701979522402
21.15,3702.0400000000004,401.8192245989305,3300.22077540107,0.3577200427543107
21.184,3691.8700000000003,401.80945187165776,3290.060548128343,0.3522242239946827
21.218,3681.15,401.79967914438504,3279.350320855615,0.34674580968715407
21.248,3669.8599999999997,401.79105614973264,3268.068943850267,0.34192809654229406
21.284,3658.02,401.78070855614976,3256.23929144385,0.3361672473999649
21.316,3645.6400000000003,401.7715106951872,3243.868489304813,0.3310654868953945
21.348,3632.7,401.7623128342246,3230.937687165775,0.32598358494236845
21.381,3619.23,401.752827540107,3217.477172459893,0.3207642346984923
21.413,3605.2200000000003,401.7436296791444,3203.476370320856,0.3157246002353131
21.445,3590.68,401.73443181818186,3188.945568181818,0.3107073594641691
21.479,3575.61,401.7246590909091,3173.885340909091,0.3054012179266799
21.513,3560.01,401.71488636363637,3158.295113636364,0.3001206366551048
21.546,3543.8900000000003,401.70540106951876,3142.1845989304816,0.2950210251939669
21.579,3527.25,401.6959157754011,3125.554084224599,0.2899479143385687
21.612,3510.09,401.6864304812834,3108.4035695187167,0.28490214586543666
21.645,3492.42,401.6769451871658,3090.743054812834,0.27988455345708974
21.679,3474.23,401.66717245989304,3072.562827540107,0.2747448013848039
21.711,3455.53,401.6579745989305,3053.8720254010695,0.26993632675317875
21.743,3436.3199999999997,401.6487767379679,3034.6712232620316,0.26515759222689983
21.777,3416.61,401.6390040106952,3014.970995989305,0.2601126274423323
21.811,3396.39,401.6292312834225,2994.7607687165773,0.2551009450950435
21.843,3375.68,401.6200334224599,2974.05996657754,0.250416177562977
21.876,3354.4700000000003,401.61054812834226,2952.859451871658,0.24561892599254798
21.909,3332.7599999999998,401.6010628342246,2931.158937165775,0.24085639853699065
21.941,3310.56,401.59186497326203,2908.968135026738,0.23627263921428718
21.974,3287.88,401.5823796791444,2886.2976203208555,0.23158194818525862
22.007,3264.71,401.57289438502676,2863.1371056149733,0.2269283528145809
22.041,3241.07,401.56312165775404,2839.506878342246,0.22217275950256068
22.074,3216.9500000000003,401.5536363636364,2815.3963636363637,0.217595677962737
22.106,3192.35,401.5444385026738,2790.805561497326,0.2131955202227373
22.14,3167.3,401.5346657754011,2765.765334224599,0.20856174131881128
22.173,3141.7799999999997,401.5251804812834,2740.2548195187164,0.20410516582579277
22.206,3115.8,401.5156951871658,2714.2843048128343,0.19969025910397795
22.239,3089.3799999999997,401.50620989304815,2687.8737901069517,0.19531774961382178
22.273,3062.51,401.49643716577543,2661.013562834225,0.19085716378837714
22.306,3035.21,401.48695187165777,2633.7230481283423,0.18657160130158457
22.338,3007.4900000000002,401.4777540106952,2606.012245989305,0.18245907340518497
22.371,2979.34,401.46826871657754,2577.8717312834224,0.17826323509608277
22.403,2950.7799999999997,401.459070855615,2549.3209291443845,0.17423903889863432
22.437,2921.81,401.44929812834226,2520.3607018716575,0.17001129048467772
22.468,2892.46,401.44038770053476,2491.0196122994653,0.16620090786439765
22.502,2862.72,401.43061497326204,2461.289385026738,0.16207103975181744
22.536,2832.6099999999997,401.4208422459893,2431.1891577540105,0.15799106591815235
22.568,2802.13,401.41164438502676,2400.7183556149735,0.15419863112400137
22.601,2771.31,401.4021590909091,2369.9078409090907,0.15033728387133521
22.633,2740.1499999999996,401.39296122994654,2338.757038770053,0.14664157891955704
22.668,2708.66,401.3829010695187,2307.2770989304813,0.1426531673072322
22.701,2676.86,401.3734157754011,2275.486584224599,0.1389438760677584
22.733,2644.76,401.36421791443854,2243.3957820855617,0.13539712632777404
22.766,2612.38,401.3547326203209,2211.0252673796795,0.13179171568082307
22.799,2579.73,401.3452473262032,2178.384752673797,0.12823892499390865
22.833,2546.83,401.3354745989305,2145.4945254010695,0.12463312189018294
22.867,2513.69,401.32570187165777,2112.3642981283424,0.12108237507841128
22.899,2480.3199999999997,401.3165040106952,2079.0034959893046,0.11779268275431033
22.932,2446.7599999999998,401.30701871657755,2045.452981283422,0.11445434559872643
22.966,2413.0,401.2972459893048,2011.7027540106951,0.11107097067038266
22.998,2379.08,401.28804812834227,1977.7919518716576,0.10793972312646594
23.032,2345.0099999999998,401.27827540106955,1943.7317245989302,0.10466945554160234
23.066,2310.81,401.26850267379683,1909.5414973262032,0.10145610390767167
23.098,2276.49,401.2593048128342,1875.2306951871656,0.09848553758141039
23.132,2242.08,401.2495320855615,1840.8304679144385,0.09538661089687223
23.165,2207.6,401.2400467914439,1806.359953208556,0.09243457312815861
23.197,2173.06,401.2308489304813,1771.8291510695187,0.0896261483349335
23.231,2138.49,401.22107620320855,1737.2689237967911,0.08669981392180766
23.263,2103.91,401.211878342246,1702.6981216577537,0.08399987592054849
23.298,2069.33,401.2018181818182,1668.1281818181817,0.0811061729529319
23.332,2034.7900000000002,401.19204545454545,1633.5979545454547,0.07835277176281952
23.365,2000.2900000000002,401.18256016042784,1599.1074398395724,0.07573621838406545
23.4,1965.86,401.1725,1564.6875,0.07302024254250267
23.43,1931.52,401.1638770053476,1530.3561229946524,0.07074285175025648
23.464,1897.29,401.1541042780749,1496.135895721925,0.06821897594044243
23.498,1863.2,401.1443315508022,1462.0556684491978,0.06575205777795068
23.531,1829.25,401.1348462566845,1428.1151537433154,0.06341275205491159
23.565,1795.48,401.1250735294118,1394.3549264705882,0.061059015810004086
23.597,1761.9,401.11587566844923,1360.7841243315509,0.05889658095998333
23.631,1728.53,401.10610294117646,1327.4238970588235,0.05665480957747945
23.665,1695.3899999999999,401.09633021390374,1294.2936697860962,0.05446848643299272
23.699,1662.5,401.086557486631,1261.4134425133689,0.052337211241182256
23.73,1629.88,401.0776470588236,1228.8023529411767,0.0504437857989114
23.765,1597.54,401.06758689839575,1196.4724131016042,0.04836179635301577
23.797,1565.51,401.0583890374332,1164.4516109625667,0.046508770319211336
23.83,1533.79,401.0489037433155,1132.7410962566844,0.04464942138188969
23.864,1502.42,401.0391310160428,1101.3808689839573,0.04278632498203968
23.896,1471.3899999999999,401.02993315508024,1070.3600668449196,0.04108178368729604
23.93,1440.73,401.0201604278075,1039.7098395721925,0.039322137747082694
23.966,1410.4399999999998,401.0098128342246,1009.4301871657752,0.03751278323165877
23.998,1380.55,401.00061497326203,979.5493850267379,0.035951686436331426
24.033,1351.07,400.99055481283426,950.0794451871657,0.03429518676245883
24.067,1322.0,400.9807820855615,921.0192179144385,0.03273482558378302
24.101,1293.3600000000001,400.97100935828877,892.3889906417114,0.03122257407854563
24.134,1265.15,400.96152406417116,864.1884759358289,0.02980079939001371
24.167,1237.4,400.9520387700535,836.4479612299466,0.028424303398938297
24.201,1210.0900000000001,400.9422660427808,809.1477339572193,0.02705199541261879
24.233,1183.25,400.9330681818182,782.3169318181817,0.025802897420687164
24.268,1156.8799999999999,400.9230080213904,755.9569919786095,0.02448235835472927
24.3,1130.98,400.91381016042783,730.0661898395722,0.02331601855951393
24.335,1105.5600000000002,400.90375,704.6562500000002,0.022084373791111247
24.369,1080.6299999999999,400.8939772727273,679.7360227272726,0.020929890598417572
24.402,1056.1799999999998,400.8844919786096,655.2955080213902,0.019849315403229227
24.435,1032.21,400.875006684492,631.334993315508,0.018807916025689743
24.469,1008.74,400.8652339572193,607.8747660427807,0.0177745045659574
24.503,985.77,400.8554612299465,584.9145387700535,0.01677980441343605
24.537,963.28,400.8456885026738,562.4343114973262,0.015822998318888417
24.569,941.28,400.83649064171124,540.4435093582888,0.0149573790557014
24.604,919.7800000000001,400.82643048128347,518.9535695187167,0.014047934250470748
24.637,898.76,400.8169451871658,497.9430548128342,0.013224857609196795
24.671,878.2299999999999,400.8071724598931,477.4228275401068,0.012411472891522096
24.703,858.19,400.7979745989305,457.39202540106953,0.01167776175061671
24.737,838.62,400.78820187165775,437.83179812834226,0.0109312097231862
24.771,819.53,400.77842914438503,418.75157085561494,0.010216881044736673
24.806,800.92,400.76836898395726,400.1516310160427,0.009513889430187026
24.838,782.7800000000001,400.75917112299464,382.02082887700544,0.00889998321536032
24.873,765.1,400.7491109625669,364.35088903743315,0.008259256621751155
24.905,747.88,400.7399131016043,347.1400868983957,0.007700826410618628
24.939,731.12,400.73014037433154,330.38985962566846,0.007135815357596973
24.972,714.8,400.72065508021393,314.079344919786,0.0066141816579763715
25.006,698.9300000000001,400.7108823529412,298.21911764705885,0.006103568952407725
25.038,683.5,400.70168449197865,282.79831550802135,0.005647543930527849
25.074,668.5100000000001,400.6913368983957,267.8186631016044,0.005161358846289191
25.107,653.9399999999999,400.6818516042781,253.25814839572183,0.004739599011915821
25.142,639.79,400.6717914438503,239.11820855614968,0.004316916026492694
25.175,626.06,400.6623061497326,225.39769385026733,0.00394093662050112
25.209,612.73,400.6525334224599,212.07746657754012,0.003576113925456815
25.242,599.81,400.6430481283423,199.16695187165766,0.0032432524854826912
25.277,587.29,400.63298796791446,186.6570120320855,0.0029120399432716933
25.309,575.16,400.6237901069519,174.53620989304807,0.002628549057229195
25.344,563.4200000000001,400.6137299465241,162.806270053476,0.0023389556912589925
25.377,552.06,400.6042446524064,151.45575534759354,0.002084591849194846
25.411,541.07,400.5944719251337,140.47552807486636,0.0018411422382917126
25.445,530.4499999999999,400.58469919786097,129.86530080213896,0.0016156975074983722
25.479,520.19,400.57492647058825,119.6150735294118,0.0014076488895258831
25.512,510.29,400.5654411764706,109.72455882352943,0.0012220212752812746
25.547,500.73999999999995,400.5553810160428,100.18461898395714,0.0010418236750296135
25.579,491.53000000000003,400.54618315508026,90.98381684491977,0.0008917806898162309
25.614,482.65999999999997,400.53612299465243,82.12387700534754,0.0007431755104584904
25.647,474.13,400.52663770053476,73.60336229946523,0.0006171298043218301
25.68,465.92,400.51715240641715,65.40284759358286,0.0005046181078352768
25.714,458.03,400.5073796791444,57.522620320855594,0.00040210714366928227
25.749,450.45000000000005,400.4973195187166,49.95268048128344,0.00030984442560636513
25.782,443.19,400.48783422459894,42.702165775401056,0.00023484954625485138
25.817,436.23,400.4777740641711,35.7522259358289,0.0001674999750582401
25.849,429.56,400.46857620320856,29.091423796791446,0.00011660593109209885
25.883,423.18,400.45880347593584,22.72119652406417,7.339794697643577e-05
25.917,417.08,400.4490307486631,16.630969251336865,4.0581082220104765e-05
25.95,411.26,400.43954545454545,10.820454545454538,1.8361885935820828e-05
25.986,405.71000000000004,400.4291978609626,5.280802139037462,4.144760163082891e-06
26.018,400.42,400.42,0.0,-0.0
