,0,10,20,30,40,50,60,70,80,90,100,110,120,130,140,150,160,170,180,190,200,210,220,230,240,250,260,270,280,290,300,310,311.25
0,37,35.768900948694736,33.159572219951556,30.586356260681963,28.16648869939731,26.142168912625866,24.988839469519316,24.274246975512128,23.747227536422315,23.312408105557687,22.92954817913782,22.578729217235544,22.248675712431982,21.932091846498352,21.623430614125734,21.31776508929018,21.009987196056024,20.694325904726355,20.36431449959366,20.013535448501983,19.63818354975573,19.23978118680205,18.82396863808747,18.39265208591387,17.934166199352127,17.410770182070824,16.71806629024429,15.574413167675132,14.108357902828573,12.704048224723174,11.382178677524973,10.139090567027104,9.988997706501163
0.02333333333333333,37,35.76666561286438,33.154564219190945,30.578755767344138,28.156459245580674,26.13038018215256,24.976127068128598,24.26090836438072,23.73339657404253,23.29815635341886,22.91491824899191,22.563748335091045,22.23336174577632,21.91645618085101,21.607479381398267,21.30149941192891,20.993402740442956,20.677412109664406,20.347053894826306,19.99590443227678,19.62015619746211,19.22133556340903,18.805088970931703,18.373321105887868,17.91434727517249,17.39037277217306,16.696847440761164,15.551779921858657,14.084215725775712,12.678493112912621,11.355295254102371,10.110957987435897,9.960714293197917
0.04666666666666666,37,35.76248805772256,33.147441190432176,30.56915342280024,28.144552440266143,26.117365782198284,24.96271713991156,24.24709143390969,23.719187833325726,23.283580576551426,22.899996251551894,22.548495802905414,22.217789512985025,21.900570659993974,21.59128264608313,21.284988650786033,20.976569288829676,20.660240500278796,20.329521246073064,19.97798268597235,19.60181817224761,19.202562925398702,18.785870255080134,18.353636405037626,17.894142561979486,17.369509874626907,16.674945508503683,15.527988270006501,14.058915895050145,12.651845892467414,11.32738477181312,10.08185950129528,9.931472340581275
0.06999999999999999,37,35.75636534412553,33.13820102014668,30.55754729106876,28.130766471476583,26.103125364190376,24.948609352416057,24.232795854990265,23.704601005070067,23.268680485586867,22.88478191258974,22.532971356990096,22.201958757507796,21.884435030929104,21.574840155033176,21.268232548317936,20.9594865739862,20.642810793797793,20.3117162493178,19.959769882357314,19.583169127307055,19.18346291526015,18.76631212312192,18.333597590120114,17.873551599095236,17.34818085552175,16.652359353618163,15.503036737039265,14.032457275392623,12.624105504631977,11.2984462354969,10.05179417244285,9.90127091959213
0.09333333333333332,37,35.748298557973534,33.12684612490794,30.54393973266327,28.115103557073795,26.087661278047158,24.933804900305848,24.21802233691831,23.689636595644608,23.253456488767128,22.86927558557835,22.517175316899284,22.185869776867996,21.868049576371245,21.558152181207902,21.25123137190334,20.94215486167762,20.62512325889511,20.293639182106354,19.94126631550919,19.564209379643057,19.16403587474705,18.74641493304759,18.313205024627017,17.852574750091254,17.32638607294112,16.629089286021713,15.476926262623042,14.004841214347053,12.595273234561557,11.268480854389312,10.02076313784749,9.870111158488001
0.11666666666666667,37,35.73827901920441,33.11337013943803,30.528324905833692,28.097558228772588,26.070972373468145,24.918302737522215,24.20276986980907,23.674293665198455,23.237907709862395,22.853476441875845,22.501106886756954,22.169521797382053,21.851413533825355,21.541217962077244,21.23398434619766,20.92457334785362,20.60717704534558,20.2752891307914,19.92247100226679,19.544937887375063,19.144280729109163,18.726177579845068,18.29245752609861,17.83121063148468,17.30412362703634,16.60513189779059,15.449652485427288,13.97606428877232,12.56534588761705,11.237485625618692,9.988763572683014,9.837990253880154
0.13999999999999999,37,35.72630191084951,33.09777106535932,30.51070111162177,28.078128904015973,26.05306012170747,24.90210329816583,24.187038448033423,23.658572061558726,23.222033945832298,22.837384258257124,22.48476583300842,22.152914579422898,21.834526657034694,21.524037241974472,21.216491201454446,20.90674174168909,20.588971833763754,20.25666574141078,19.903383557349517,19.525354247507323,19.12419707679307,18.705599656922775,18.27135464034476,17.80945865210995,17.281392569253136,16.580485165147532,15.421213369614428,13.946125469209294,12.534322529138391,11.205459671779431,9.955794651017685,9.804907386025015
0.16333333333333333,37,35.71236672034502,33.08005169160223,30.491071188205762,28.05681825559593,26.033928810352762,24.885208614799662,24.17082915699975,23.642472491515115,23.205835729319144,22.820999473990874,22.468152537990214,22.13604846867728,21.817389265837715,21.5066103213397,21.198752222956116,20.88866031611588,20.570507888264416,20.23776927557206,19.884004253208975,19.505458759722096,19.103785256170355,18.68468152511359,18.249896713997064,17.78731909403107,17.258193004356855,16.555148610036017,15.39160945268677,13.915026348798511,12.50220469972466,11.172404443359984,9.921857736203785,9.770863907763635
0.18666666666666665,37,35.69646283982149,33.06020569097102,30.469429456525553,28.03362097482983,26.01357906822111,24.867618382624833,24.1541412927913,23.62599415841433,23.189312258418067,22.80432130055224,22.451266225729437,22.11892269860434,21.800000594957318,21.48893642569434,21.18076661366927,20.870328233747067,20.551784311852504,20.21859875887707,19.86433203707021,19.485250313775055,19.083044135714548,18.66342202697639,18.228082489415414,17.764790426831105,17.234522695776942,16.529117902019173,15.360835789640925,13.882763567394992,12.468989288182822,11.138317016992103,9.886950077666528,9.735857089317433
0.21,37,35.67858361606251,33.03823117110102,30.445774442695537,28.00853569714058,25.99201417348025,24.849333793641403,24.136975168668997,23.60913706427791,23.17246341414387,22.787349563776743,22.434106690964313,22.10153704475607,21.782360403167463,21.47101529512767,21.16253408988098,20.85174517829022,20.532800746574292,20.19915378530125,19.844366463350823,19.464728448328483,19.0619732675743,18.64182071427284,18.205911448376483,17.741871924495044,17.21038037265405,16.502390115388692,15.328889815412525,13.849336194978386,12.43467547731177,11.103196626737388,9.851070953786838,9.699886214385208
0.23333333333333334,37,35.65872715402669,33.01413144048997,30.42010959658613,27.981565675588705,25.969240408481724,24.830357752248702,24.119332273210073,23.591902139698583,23.155289874307492,22.77008480786829,22.416674396763387,22.083891918183564,21.76446906414851,21.452847274035886,21.144054971279942,20.832911446637574,20.513557469488887,20.179434619041338,19.824107802739906,19.44389346720979,19.040573009178626,18.61987797372093,18.18338394430235,17.718563812899006,17.185765915858287,16.474964023844944,15.295771795801688,13.814746148784781,12.399265136191621,11.067045032957843,9.814222018835132,9.662952924434544
0.25666666666666665,37,35.63688086439242,32.98790008522966,30.39242927966428,27.952705646230925,25.945260108952603,24.810690650293875,24.10121217846779,23.574288708056688,23.137790891366205,22.75252626640807,22.398968570139285,22.065986543337406,21.746325794117638,21.434431560417245,21.125328423466723,20.813826151946806,20.494053520040286,20.159440207069558,19.80355491373069,19.42274417180135,19.01884215127301,18.597592573578535,18.160498620656504,17.69486438694397,17.160676713999358,16.446834305503412,15.261476182957626,13.77899006162739,12.362755170221957,11.029859328855633,9.776400537291506,9.625054504551086
0.27999999999999997,37,35.613036323782666,32.959535298110005,30.3627322177469,27.92195443828199,25.92007833359934,24.79033442098591,24.08261550743648,23.556296919742906,23.119966425675226,22.73467381024333,22.380989030310616,22.0478207073443,21.727930353359568,21.415767886591617,21.106354145173757,20.794488948688418,20.47428849778945,20.139170087072,19.782707285950732,19.401280038056772,18.99678019511153,18.574964018971336,18.13725488912195,17.67077277755621,17.13511116004589,16.41799710093947,15.225999931469625,13.742067089197034,12.325144865627438,10.99163884668397,9.73760587935654,9.586190329477862
0.3033333333333333,37,35.58719056222065,32.929041107912276,30.331022654281423,27.88931605510315,25.893703433734526,24.769292885120397,24.063544187920364,23.53792796065743,23.1018173282643,22.71652811442137,22.36273634538351,22.02939490992712,21.709283192053377,21.39685666323755,21.0871325128525,20.774900180461675,20.454262716461926,20.118624550928853,19.761565215250915,19.379501403104154,18.974387547640628,18.551992753739082,18.113653141860844,17.646289188491096,17.109068950080246,16.38845048665666,15.189343220240833,13.70397957951182,12.286436519063793,10.952385749768967,9.697840077765731,9.546362416188844
0.32666666666666666,37,35.5593289516314,32.89641085131882,30.29729483116735,27.85478512690747,25.866139354130873,24.74756707139286,24.04399802801587,23.519181243647992,23.083342879664315,22.698088410965035,22.34420972313742,22.010708345331732,21.69038348727951,21.37769704039479,21.067662634160914,20.755058889812286,20.433975129917936,20.09780244351578,19.740127446322848,19.357406953766336,18.951662894438023,18.528677443153494,18.089691892239678,17.621411703375454,17.082547047277636,16.35818805638768,15.151499879729899,13.664724066701478,12.246626964892911,10.912097065381323,9.657100334450025,9.505567987620589
0.35,37,35.529441374497424,32.86164276097707,30.261547623289633,27.81836062867066,25.837392887419515,24.725159625980787,24.023977944064082,23.50005705649734,23.06454311052003,22.67935460786094,22.32540899988575,21.991760805270754,21.671230994027127,21.358288735835036,21.04794418340755,20.734964694830428,20.413425287827266,20.076703238267786,19.718393395555438,19.334996094856685,18.928605676978137,18.5050175361752,18.065370470718108,17.596139295794956,17.055543485685746,16.3272049672331,15.11246643994519,13.624299764189114,12.205715564877316,10.87077219763117,9.615386086652205,9.46380648497132
0.3733333333333333,37,35.49752423196368,32.82474188643944,30.22378634092657,27.780047569575846,25.80747456383767,24.702075353694138,24.00348635742092,23.480556887767015,23.045419087246508,22.660327549962066,22.306334885368795,21.972552913254884,21.65182627313543,21.33863226021557,21.02797762757422,20.714618020235694,20.392613576505394,20.055327292772656,19.69636342478131,19.31226924089919,18.905216397756252,18.481013581001505,18.040689356737854,17.570472199698376,17.028057837842997,16.295498681541904,15.072243255057039,13.582709610906972,12.16370519217651,10.828413852729035,9.57269987716362,9.4210804313097
0.39666666666666667,37,35.46356075593561,32.785701075725946,30.184004872122713,27.739840253708973,25.776389789825483,24.678315832371233,23.98252325361062,23.460680194903567,23.025970079944596,22.641006433129796,22.286986535725507,21.953083802454238,21.632168432546738,21.318726685955266,21.007761986556428,20.69401780738475,20.371538832458768,20.033673316003306,19.674036128807614,19.28922492634071,18.88149359748958,18.4566640984482,18.015646888752173,17.544408235581244,17.00008657114394,16.263061582369613,15.030823488232219,13.539949908045893,12.120592481950002,10.78501887136817,9.529038731886686,9.377386874808067
0.42,37,35.427539186328175,32.74451849763998,30.142202133009413,27.697737700019744,25.74414699935519,24.65388436841637,23.961089810320008,23.440427380576004,23.006196170859912,22.621391186110053,22.267363789133437,21.933353254783867,21.612257208029977,21.298571702531422,20.98729689643035,20.673163623825143,20.350200540856306,20.011740701583445,19.65141083427307,19.265862467886986,18.857436639922927,18.431968462288694,17.990242294839188,17.517946194466774,16.971627324451763,16.229887772045693,14.988203282136887,13.496019866076862,12.076376812391114,10.740586673798134,9.484402102696219,9.332725271109071
0.44333333333333336,37,35.38945598449947,32.701200721470364,30.098384957876494,27.653746351295332,25.71075907820491,24.62878686393325,23.939189033383766,23.419800315025146,22.986098712386948,22.60148288888399,22.247467558532826,21.91336207671404,21.592093328768332,21.278167977624477,20.966582972021367,20.652056034023673,20.32859922192879,19.98952993789992,19.628488038893426,19.242182432522462,18.833046201321633,18.406927405483042,17.96447622529563,17.491086432634805,16.942679659715637,16.195974266788014,14.944383556029925,13.450923282259868,12.031061882551787,10.695120743475547,9.438793262861182,9.28709886811978
0.4666666666666667,37,35.34929201896587,32.65573971151445,30.052546497803476,27.607859825566432,25.676232639459183,24.603025300131932,23.91682098901155,23.39879842628664,22.96567690112375,22.581280644665917,22.227296895821564,21.893109290384093,21.571675785189854,21.25751445839927,20.945619097779616,20.630693829531573,20.30673354450328,19.967039544715238,19.6052661307392,19.21818314226973,18.808320614299145,18.381539238426075,17.93834677343859,17.463826428505985,16.913239446773783,16.161312069279628,14.899356679196131,13.404656004847002,11.984643919077849,10.648617537545004,9.392208876999963,9.240504355405173
0.49,37,35.307033817110096,32.60813331118262,30.004685451453945,27.560076942388974,25.640577545469778,24.576603527839566,23.893987043978285,23.37742217914352,22.944930827041613,22.560784364321705,22.206851605411753,21.8725946343375,21.55100426152261,21.236610774383685,20.92440484002908,20.609076495413163,20.28460289644949,19.944268801276564,19.581744309976376,19.193863787009224,18.78325912375946,18.355803216575875,17.91185301910188,17.43616473974285,16.883303865319625,16.12589412312935,14.853118358294157,13.357217093832327,11.937122175281875,10.601076359361793,9.344648286506363,9.192941078894572
0.5133333333333333,37,35.26267910643249,32.558390563459426,29.954811058619267,27.51040640353729,25.603809365030934,24.549528764775552,23.870690964157678,23.355673977452504,22.923862264790916,22.539995489219578,22.186132922874513,21.85181921297577,21.530079767624056,21.215457861665886,20.902941073677024,20.587204851122753,20.262208052689694,19.921218455385684,19.557923348309725,19.169225233562514,18.757862733052047,18.329720415565543,17.884995949574304,17.408102032157252,16.85287270657606,16.089717385507505,14.805670732716978,13.308611719316655,11.888501657410092,10.552501922051109,9.29611592066384,9.144413433632987
0.5366666666666666,37,35.21620587617403,32.506501824025655,29.90291503751342,27.458840487728377,25.56593543220793,24.521803126555042,23.846932719419726,23.333553084332454,22.902470222791777,22.518912927540914,22.16513970105783,21.830781847625477,21.508901089773932,21.194054457208388,20.881226463083728,20.565077452598825,20.23954742586863,19.897886744346923,19.53380132765177,19.144265485620217,18.732129454771098,18.303288818878034,17.857773291059072,17.37963530921067,16.821941082096885,16.052771239295158,14.757005056939828,13.258834876091464,11.838777803874876,10.5028899419903,9.246607746862706,9.094917417197907
0.5599999999999999,37,35.167598385183794,32.45246382870769,29.848995118433677,27.405377110272408,25.52696648798234,24.493430708806482,23.82271367103144,23.31105987883721,22.880754674389646,22.49753646164233,22.143871608501172,21.80948213696889,21.487467767743823,21.172400039677665,20.859260414446407,20.54269361106062,20.216620212552566,19.874272734247267,19.509377216436484,19.118983493828996,18.706058295916787,18.276507439699017,17.830183846073673,17.350762756393394,16.79050554906298,16.015047238742408,14.707116243247729,13.207885041675606,11.787949333553525,10.452239220368327,9.196122633701602,9.044451906257864
0.5833333333333333,37,35.1168582528842,32.396290362772454,29.79306505886631,27.35002921081987,25.48692161187733,24.46442059205845,23.79803877572153,23.288197665949088,22.858718145077898,22.475868197905577,22.122330490624822,21.787921759672045,21.46578136207994,21.150496081431374,20.837044332843682,20.520054678491054,20.19342773312958,19.850377742245506,19.484652392927494,19.093380778565148,18.679650955033146,18.249378076195544,17.802229340851923,17.321485805532102,16.7585667227554,15.976543272096869,14.656009055833662,13.15576998906902,11.736023713663418,10.40055678474916,9.144667186803668,8.993023455559436
0.6066666666666666,37,35.0639594474867,32.3379687851609,29.735113821740537,27.292786488121457,25.445807936106522,24.43477452012077,23.772907573145027,23.264965286794506,22.836359237810417,22.45390665543047,22.100514821905506,21.766099166555332,21.4438402913924,21.128340949172173,20.814576503398627,20.497158814290852,20.16996797826723,19.82619954897256,19.459624447045503,19.06745482621596,18.652904914233787,18.221898166284205,17.773906907701708,17.291800742184268,16.726118673763867,15.937246714934327,14.603672911897895,13.1024830969552,11.68299487328991,10.347836932529958,9.092236038534308,8.940626737765445
0.63,37,35.008880752442266,32.27749132171695,29.67513495400564,27.23364293852277,25.40363516821556,24.40449573731386,23.747320660209706,23.241362431861415,22.81367729059938,22.43165101960609,22.07842369874788,21.74401340128917,21.421643549059375,21.105933575487818,20.791855777331694,20.474004754349135,20.14623953713668,19.80173656793623,19.4342916457501,19.041203846329076,18.625818414837976,18.194065933930336,17.745214500729634,17.26170475510344,16.693156578841723,15.897146608115397,14.550100030970299,13.048020399965516,11.628859242815633,10.294076313202536,9.03882603336627,8.887258620783005
0.6533333333333333,37,34.951635917452286,32.21488412172695,29.613153865048314,27.172622425827807,25.360429066613737,24.37359719048646,23.721285701244263,23.217394573811696,22.790676700925992,22.409105091541527,22.056060546962236,21.721667648069044,21.39919415440022,21.083276868144917,20.768884994793087,20.450595311037688,20.122245245267433,19.776991717416905,19.408657079813526,19.014631189270204,18.59839507783899,18.16588516807901,17.716155925145053,17.23120155453577,16.659683827620317,15.856244972751172,14.495302286466483,12.99239642019849,11.573630646798925,10.239287932485285,8.984449399231847,8.832931238802002
0.6766666666666666,37,34.89219782913673,32.150134034960686,29.5491590749596,27.109714235294756,25.316197286983616,24.342080781899995,23.69480225108905,23.193060522445613,22.767356021470984,22.386267332413496,22.03342377817168,21.699060292141997,21.37649045755364,21.060369121634235,20.74566236352921,20.426928558954987,20.09798299934855,19.75196267257309,19.38271822437058,18.987734223720338,18.570632269044882,18.137353188252604,17.686728175572014,17.200287236576962,16.625694163751472,15.8145284331368,14.43926875718519,12.935604268733476,11.517302769217121,10.183465857440853,8.929100551580925,8.777639049184613
0.7,37,34.830523967809334,32.08321313461976,29.483125236158724,27.04489465330137,25.270940737821636,24.30994428465591,23.66786682481641,23.16835658662968,22.743711609252625,22.36313419645516,22.01050991881516,21.676187914068137,21.35352905240309,21.037206894858688,20.722184348117146,20.403000789431545,20.07344883668166,19.726645134166727,19.356470439740544,18.960508066061628,18.542524999516893,18.10846487872179,17.656925681915656,17.168955027172945,16.591177687913756,15.771977780363011,14.38197994878731,12.877629006861058,11.459861722398953,10.126597035344993,8.872767209427378,8.721369863852189
0.7133333333333333,37,34.789717363372766,32.039037738916015,29.43957534547773,27.002180306392827,25.24081111272675,24.288256583364614,23.649547081220202,23.151491113651154,22.727542023088805,22.347305032360705,21.994831754133624,21.66054538392813,21.3378377131265,21.02139462924869,20.70617723253537,20.386712892942256,20.05677971622917,19.70948129457066,19.33871745556276,18.942134796593066,18.52359382582259,18.089040777882605,17.636924758317647,17.14798414472547,16.568176589269576,15.74383040891847,14.344394105793416,12.839627504093626,11.42223317410602,10.089364648862972,8.835905579123416,8.684552669977379
0.7266666666666667,37,34.74780160139631,31.993796672319746,29.39502521189059,26.95852837624836,25.208923200585044,24.26438868128856,23.62893534578762,23.13230584085143,22.709050471521667,22.32916243340907,21.97685445026437,21.642621518677828,21.319886197664573,21.003346847262126,20.687963505282276,20.368252782320784,20.03797916110391,19.690233839907872,19.318933371857852,18.92178310021556,18.502731961531232,18.067731890279198,17.615095757115316,17.125273827306437,16.543600506049433,15.714476012849236,14.306189560873612,12.80104543193498,11.384058518505922,10.051618745730275,8.798560967905239,8.647256173405157
0.74,37.00000000000001,34.70478629360575,31.947503518869535,29.34948787482476,26.913951099730035,25.1753138177623,24.238381413689048,23.606068597101135,23.110834680470774,22.688268878392247,22.308737002722427,21.956607578377533,21.62244508098928,21.299702512922654,20.983090785480684,20.66756957079422,20.34764591854729,20.017071634672792,19.668926231591197,19.29714090781651,18.89947535458817,18.47996170561412,18.04456016041384,17.591459381707608,17.100842291738754,16.51746344953808,15.68392270557,14.26737339869977,12.761890277123863,11.34534485269502,10.013366001115712,8.760739652105665,8.609486602411064
0.7533333333333333,37,34.66067348404962,31.90016493904954,29.30296989814309,26.86845464475081,25.14000820553279,24.21026142594895,23.58096898335836,23.087096555264598,22.665214179675193,22.286044418128164,21.934105891307677,21.60003013948766,21.277300119770093,20.960639307076253,20.64500766108094,20.32490382784284,19.994067937991964,19.645568582204692,19.273349760545912,18.875221227788533,18.455292934963285,18.019535406247915,17.566024603475554,17.074696637807975,16.489769414005085,15.652170929784226,14.227948642827732,12.722165760416395,11.306095735633924,9.97460976326125,8.722444778747978,8.571247079764557
0.7666666666666667,37,34.61544479442965,31.8517679615368,29.25545941845204,26.822027906220978,25.102998506149806,24.18001459033245,23.55361612269823,23.061067516032228,22.63986050276984,22.261057764764075,21.909321861611403,21.575348842633673,21.252650978395227,20.935964258847783,20.62024955513151,20.299998250602012,19.96893986354821,19.620132895542056,19.247532476670532,18.848994168452695,18.428700146478008,17.992632899781846,17.538766935348484,17.04681222469356,16.460493783091383,15.61919928350855,14.187906931428055,12.6818649066929,11.266304665145892,9.935343919667957,8.683670596665381,8.532531897807917
0.78,37,34.56909956783378,31.80231624411248,29.206960154183644,26.77467438357474,25.064303544092123,24.147660009137613,23.524024934398195,23.03275955581712,22.612218074778657,22.23378616478136,21.882263828634525,21.54840896240476,21.22576237234281,20.909072455176595,20.59330157779095,20.272934968212688,19.941692635060324,19.592623881817772,19.219693488835883,18.820798661528357,18.400188096488034,17.963857443945308,17.509690569830724,17.017191780677216,16.429636831637378,15.585005504156994,14.147249617838074,12.640989792988252,11.225973648922745,9.895570359749804,8.644418880993172,8.493342817896382
0.7933333333333333,37,34.52163981878885,31.751816350817755,29.15747857395105,26.726400155045635,25.023946487326498,24.11322248139527,23.49221654438143,23.002191029101926,22.582303532856315,22.204245149462206,21.852946525390387,21.519224631284604,21.196647904159235,20.879976980461887,20.564176264995613,20.243725902572002,19.912337523954733,19.563052180797335,19.189843006571895,18.790644791725118,18.369766979187663,17.933219149372697,17.478804893459237,16.985843060833453,16.3972034975878,15.549590957368297,14.1059797070605,12.599544085249484,11.185106193442643,9.855292382307871,8.604692732224338,8.453682916620346
0.8066666666666666,37,34.473053226354615,31.700261168624312,29.107008315247796,26.677199271703955,24.98192704156288,24.076698151911252,23.458182349230576,22.969350389113696,22.550103688278735,22.17242059317118,21.821355258377114,21.487780815606015,21.16529231083883,20.848662399631525,20.53285803541192,20.212355335313795,19.880858716575148,19.531401984871145,19.157965463016165,18.758517507733867,18.33742242279559,17.900704138275565,17.446096083189914,16.952751857646604,16.363179015299963,15.512942049450523,14.064092266374805,12.55752399933094,11.143698798471814,9.814506697554656,8.564489053950473,8.41354912084997
0.82,37,34.423336813830296,31.647652082081706,29.05555095957019,26.627073229490605,24.93825776874937,24.038099463290582,23.421931384065335,22.934244228515606,22.51562366811424,22.138316712066626,21.787493626961627,21.454080677037556,21.131698393054627,20.815131179554736,20.49934901472929,20.178825020128453,19.847257583956903,19.497674321022036,19.124061714974765,18.72441773811623,18.303155615595195,17.866313710250278,17.411565083241175,16.917918131943473,16.32756163979819,15.475055341507673,14.021587375947679,12.51493037146866,11.101752303885121,9.77321409665862,8.523808588291407,8.372942166783186
0.8333333333333333,37,34.372491353114725,31.59399436244692,29.003111755199644,26.57602696213056,24.892956966097664,23.99744642223384,23.38348090510511,22.896887572552476,22.478877096819524,22.101946222647673,21.751373706244006,21.418135807734828,21.0958773232936,20.779394088332143,20.463659545488493,20.143144826366598,19.81154348694111,19.461878047931812,19.088140256421973,18.688353830807657,18.266974958492987,17.83005620235408,17.375219708225515,16.881348479317783,16.290355791147157,15.435932265277817,13.978467349314807,12.471766159763783,11.05926954896705,9.73141725089455,8.48265384547,8.331864545229038
0.8466666666666667,37,34.32050668298729,31.539282976265973,28.94968629140204,26.524056349837874,24.846025011338806,23.954737355063813,23.342825731063545,22.857272904867507,22.43985512602014,22.063299505800128,21.712985414965807,21.379935844878105,21.057818549794877,20.741440434413228,20.425778817972176,20.10530383515286,19.773705422675317,19.424002145527375,19.050190209499995,18.650315242788434,18.228870382832262,17.791921913842664,17.337050328200476,16.843033014095376,16.251551163662928,15.395563173871157,13.934728509941253,12.428028711104457,11.016248097287232,9.689113870652493,8.441022669650303,8.290314116451205
0.86,37,34.267379237511626,31.48351868502287,28.895275560628342,26.471162335827863,24.797470520100482,23.909981241480278,23.299972410016526,22.81540489751696,22.398561284597797,22.022379380959542,21.672331104388537,21.339482811305103,21.017523832100142,20.701271740732768,20.385708117660744,20.06530307681369,19.73374415702243,19.384047137063497,19.010211965491383,18.61030239443034,18.188842482419947,17.751911536280485,17.297057435279687,16.802971602770228,16.211146499253037,15.353945611734268,13.890370637958824,12.383718519069015,10.972688465528499,9.646304443026736,8.398915516849616,8.248291332711
0.8733333333333334,37,34.21310935198225,31.42670621342629,28.839884289260965,26.417349363803034,24.74730787235183,23.8631946934415,23.25493579044273,22.771296758880055,22.35500771837783,21.97919729848122,21.62942173666481,21.296787298701982,20.975003441262604,20.65889797108399,20.343457086015512,20.023151834966367,19.69166858262092,19.342021513886284,18.968213688653762,18.568323261913005,18.14689919576676,17.71003292407406,17.255248507970126,16.761170855015077,16.1691468141174,15.31108213969981,13.84539580411446,12.33883823936101,10.92859320676808,9.602991369966954,8.356334643899435,8.205798433346791
0.8866666666666667,37,34.157687833404665,31.368841442329032,28.783508923143504,26.36261411636973,24.69553602185653,23.814375739095194,23.207711477184684,22.724942362574176,22.309187297876747,21.933745553268178,21.584249273317745,21.251841072298586,20.930249021020618,20.61431068994679,20.299017230210826,19.978841572450083,19.64747013743001,19.297916730584102,18.924186941568372,18.524369631962976,18.10303262985712,17.66627846860723,17.21161607120936,16.71762325888601,16.12554452528983,15.266965898217126,13.799800924201653,12.293385714151015,10.883960350069003,9.559172799392371,8.313278306320749,8.162833686827753
0.9,37,34.10111091974913,31.309924870571283,28.72615020273135,26.306957299811423,24.642160164612108,23.763530574627087,23.158304199047485,22.676345154954344,22.261102668032166,21.886026295728875,21.536815546824066,21.204645745191023,20.88326201477511,20.567511193782657,20.252389703756606,19.932373291846755,19.601149665710007,19.251733478300483,18.878132309805263,18.47844206937876,18.057243420634727,17.620648868125972,17.166160745866318,16.672329125713357,16.080339355347697,15.221595919923834,13.753585697370232,12.24736128992131,10.838790272624259,9.514849087023755,8.269746836437923,8.119397422648813
0.9133333333333332,37,34.04337904232475,31.24996115287173,28.667812777397558,26.250383284647253,24.58719152798153,23.71067332975198,23.106727315249024,22.625517477368298,22.210765466989113,21.836050693142116,21.4871313903053,21.15521189028833,20.834052767566533,20.51850960767405,20.20358440049285,19.883756628737014,19.552716512864578,19.203480784822002,18.830058513817892,18.430549049847993,18.009539894797637,17.573152319093516,17.11889046133114,16.625295815587158,16.03353758087508,15.174976493289034,13.706752238324261,12.200767578560445,10.793085484069032,9.470022593725412,8.225742452351788,8.07549184170296
0.9266666666666666,37,33.98448340817338,31.188946528151355,28.608493426722557,26.192889065691276,24.530626745687634,23.655800558588677,23.052975940002693,22.572453314916352,22.158169021052565,21.783811708558865,21.435189575958262,21.103532182731243,20.782613914097322,20.467298561458747,20.152593969396424,19.832984270202424,19.50216342235826,19.15315147226063,18.77995848142536,18.380683649026906,17.95991532017098,17.52378231032431,17.069798922848015,16.57651725297703,15.985133487774371,15.12710294938899,13.659297736950377,12.153602613948916,10.746844193252816,9.424691636261624,8.181263568216051,8.031115369863292
0.94,37,33.924420153490104,31.126881311905162,28.54819271279555,26.13447518122846,24.472467770719334,23.598915810631922,22.997053088652393,22.517155005302218,22.103315222507547,21.729310964611766,21.38099156335253,21.049607974345186,20.728946730557382,20.413879272991345,20.099419577898868,19.780057333986928,19.449491457102127,19.100746538438337,18.72783313104806,18.328846716369164,17.908370513367313,17.472539679358977,17.018887001032194,16.5259943008351,15.935127869950474,15.07797590996059,13.611221860052348,12.10586663820417,10.700066677913345,9.378856476603262,8.13631042803748,7.986268248963014
0.9533333333333334,37,33.863190278089824,31.063770500550994,28.486915591565804,26.075146287994734,24.412723390440824,23.540031530922604,22.938971445258876,22.4596348612339,22.046216057261006,21.67256020894151,21.324548921320083,20.993450681514375,20.673062492474603,20.3582628769388,20.04407220996977,19.724986632341704,19.394711224995717,19.04627634046159,18.673692515141067,18.2750479868168,17.854914932579725,17.41943368860847,16.966163772926237,16.47373572734936,15.883528857216678,15.027601858972606,13.562527010025839,12.057562442755911,10.652755613803418,9.33251963156058,8.090885396513826,7.940952825367725
0.9666666666666667,37,33.80078495442802,30.999610281004216,28.424658791934732,26.01489933268146,24.351387307464364,23.479141966382695,22.878724724630096,22.399886061232756,21.986864396782885,21.61355217141509,21.26585434124067,20.935053007099757,20.614953952526662,20.300442205461252,19.98654480426316,19.66776523732459,19.337815951263014,18.989734262325804,18.617530142805872,18.219281063603006,17.799542265979266,17.364458201496877,16.911623420237845,16.419736220054247,15.830331992585307,14.975977842132451,13.513210408837471,12.008688029828702,10.604909179539087,9.285679389251477,8.04498686067319,7.89516749800947
0.98,37,33.73720013224593,30.934400710549134,28.36142262779144,25.953734620136068,24.28845818145675,23.416247881137053,22.816314054416907,22.33790965729779,21.92526120976867,21.552287780773995,21.204908748575818,20.874415883566833,20.554622063759005,20.240418243961006,19.92683838993071,19.608394231727715,19.278806769780427,18.931121462828933,18.559347123902008,18.161546944022735,17.742253380361596,17.307614068776505,16.855266940442537,16.363997074969436,15.775539033249785,14.923105960155164,13.463271641732923,11.959243496511801,10.556527515235318,9.238335882009086,7.998614942447585,7.848912387559212
0.9933333333333333,37,33.67243801707046,30.868147681032994,28.29721287755723,25.89165757674227,24.223943316829555,23.3513611292316,22.75175259050377,22.27371910682235,21.861420017755396,21.488780556201036,21.14172563839413,20.811552755476182,20.49208020780515,20.178204301085607,19.86496619111947,19.546886737673905,19.217696663469795,18.870450715069694,18.49915590314624,18.10185765487543,17.683059876213857,17.24891260727646,16.797105518731183,16.306529384543527,15.719160794899743,14.868995483518166,13.412713721546963,11.909232114524203,10.507613744940683,9.190492047923218,7.951772402728524,7.802190233556501
1.0066666666666666,37,33.606489213965894,30.800846855112297,28.232025778865733,25.82866468823532,24.157832839249892,23.2844727377651,22.68503166350179,22.207305774402776,21.795332228942843,21.423021988324397,21.076296623561575,20.746455363379848,20.427320274049407,20.11379244074777,19.800920477266697,19.48323526809843,19.154478411543025,18.807715054891442,18.436949682968475,18.040206459700816,17.621955020217396,17.188347237363345,16.737133024755533,16.24732785132715,15.661193396162092,14.813644565864848,13.361533614484221,11.85865159807215,10.45816577640267,9.142145920214908,7.904457388612779,7.754999196805916
1.02,37,33.53934906578438,30.73249767779554,28.165861068447178,25.764755717878995,24.090121718704086,23.21558003302429,22.616149800136675,22.13866868990833,21.726997149554258,21.355011572184257,21.008621361829768,20.679123491475867,20.360342169376988,20.047182700650858,19.73470143215406,19.41744017481748,19.089152533751665,18.74291512895887,18.37272910727632,17.97659385914072,17.55893910586722,17.125918219747152,16.67535000456675,16.186393656594507,15.601639048228224,14.757056273831022,13.309730602042015,11.807501707533586,10.408183432453512,9.093297332675434,7.8566697410894735,7.70733911915667
1.0333333333333334,37,33.47102230920582,30.663108089419406,28.098726421598784,25.6999378685401,24.020817822970855,23.14469657093153,22.545123054161195,22.067824932302177,21.656432337414515,21.28476709839629,20.93871776888465,20.609575091295717,20.291163840219202,19.97839299846432,19.66632692554193,19.3495192612257,19.021736715112496,18.676068401227507,18.306511231437998,17.91103632723741,17.494027984143113,17.06164098774366,16.61177175961572,16.123742131779398,15.54051296551658,14.699243825146445,13.257308981959783,11.755786821408503,10.357670873277904,9.043950197438548,7.80841313723671,7.65921364936767
1.0466666666666666,37,33.40149811592169,30.592672489864093,28.0306168978057,25.63420652151776,23.949906863323843,23.071808815317052,22.471938886498688,21.994762513829738,21.583626190812197,21.212277267820312,20.866574838641824,20.5377994091657,20.219774793138907,19.907413126539502,19.59578707235293,19.279463019242748,18.952221849406666,18.607166148495963,18.238287572181928,17.843525434753783,17.42721318652599,16.995507243039278,16.546390618087404,16.05936681606323,15.477810717419837,14.640205412131168,13.204265010684905,11.703503965741701,10.306625360566894,8.994101940090006,7.759685152437827,7.610620380857767
1.06,37,33.33076930094651,30.521188082390704,27.961530141631197,25.56755947913428,23.877378017582526,22.99690767464679,22.39658993226945,21.91947503092631,21.508572912310985,21.137536691451604,20.792187526838614,20.463791665225767,20.14617050006625,19.834238820463383,19.52307789639201,19.207267804347982,18.880604628196036,18.536205356010463,18.168055228720842,17.77405817260528,17.358491500630713,16.927513801299664,16.4792039094303,15.993266118430714,15.413532462895914,14.579942897257698,13.150596676908783,11.65065168094111,10.255045571775819,8.943751317297055,7.710484614371337,7.5615581498526865
1.0733333333333333,37,33.25884744818999,30.448668587879606,27.89147920091589,25.500008977625708,23.803246184137933,22.92001593735023,22.319103020599467,21.84199118806503,21.43130215268715,21.060575479805284,20.715586190295177,20.387582285794885,20.07038137451376,19.758900430571266,19.448229641076583,19.132963714152083,18.806914904655546,18.46321547713184,18.09584297666175,17.70266237384917,17.287889776620172,16.857686799400007,16.410237434863596,15.925465649020966,15.347703175093944,14.518477328722295,13.09631177148973,11.597237478910223,10.202938604450132,8.892905002964449,7.660817798012202,7.512033183271297
1.0866666666666667,37,33.1857216436816,30.37510832280616,27.820459056501043,25.431550324307977,23.72749527538802,22.84111825771499,22.239464419596423,21.762298266710356,21.351801903200677,20.98138212188683,20.636759765073293,20.309160559027184,19.9923970502699,19.68138795806362,19.371232710944327,19.056541618607344,18.731144023073977,18.388188299525442,18.021642843730454,17.629330042004213,17.215399894254098,16.786018256483793,16.339483937354217,15.855959574292774,15.280319329189634,14.455807804693636,13.04140652587805,11.54325833884352,10.150301676094736,8.841560381029206,7.6106822394820846,7.462043035558921
1.1,37,33.11137333307653,30.30049468927586,27.748458227496634,25.362172770731128,23.650097742913903,22.760185183657693,22.157645584559862,21.6803685612526,21.270045172803652,20.89993019183927,20.555682382649554,20.228501094468058,19.91219263073271,19.60167704542365,19.29206335093813,18.97797846349586,18.65326967398013,18.311102270233327,17.94543384642511,17.55404048556541,17.141001329710893,16.712488082686637,16.266924439035957,15.784730946158255,15.211367379034408,14.391925746342933,12.985873104005181,11.48870748029573,10.097128473023542,8.789711515044866,7.560072351697971,7.411582161706664
1.11,37.00016975805333,33.04720560427938,30.236196882514278,27.68643205151137,25.302420948845224,23.583408294195365,22.690413991300677,22.087095584256417,21.60971713225153,21.19954128619272,20.829689427962638,20.485765910473447,20.158946802339294,19.843032907548455,19.532945376741903,19.223801490095152,18.91024255258069,18.586131348188232,18.244647778911677,17.879739966566266,17.489143926729486,17.076877598061152,16.64911793845994,16.204396849008756,15.723358200434987,15.151968718770908,14.336917134829182,12.938104023757573,11.441809044017377,10.051426145835277,8.74515784066442,7.516593264448187,7.368232319702804
1.12,36.99982993208381,32.98206602505703,30.171066275037646,27.623630871538133,25.24194295842579,23.51635123282672,22.62042053652003,22.016379806129162,21.538927830215187,21.128915607454342,20.759336933875904,20.415744271776134,20.08929169668601,19.773774985293514,19.464116598153453,19.15544203749868,18.842406748704647,18.518888794809794,18.178082533435482,17.813927357184994,17.424120832792248,17.012621591210223,16.58561110587116,16.14172543053919,15.661824519437229,15.092365682738103,14.281580983476577,12.889837940365345,11.39445866383271,10.005299954684611,8.700205617911495,7.472739268223777,7.324510415992778
1.1300000000000001,36.99999921041141,32.91596591509389,30.105114220624298,27.56006537147967,25.18074881130917,23.448929964467347,22.550207353798434,21.945500334447146,21.46800246764956,21.05816977871219,20.68887423844009,20.34561892230713,20.01953718395159,19.704420243589063,19.395192083718197,19.086986384533926,18.774472488617974,18.451543525587123,18.111408152076415,17.74799775592321,17.358973044188136,16.94823521600577,16.52196955199286,16.078912285544124,15.600132340817549,15.032561573236322,14.225923132457664,12.841081563026325,11.346662511636241,9.958755709442762,8.65486030846645,7.428515498226489,7.2804215464605155
1.14,37.00017370880734,32.8489099947857,30.038346395175136,27.49574094970765,25.11884356677119,23.381145410846557,22.47977546920012,21.874458125657007,21.396941917972324,20.987304611947987,20.618302108640076,20.275390600458074,19.949683982758373,19.634969391934632,19.326172544667322,19.01843525631739,18.70644052691218,18.38409634032437,18.044625496415193,17.681952089202056,17.29370153696418,16.88371947593232,16.458194310437495,16.01595853325446,15.53828300143896,14.972558291679784,14.169947168935517,12.791838213514165,11.298423677532602,9.911796329343193,8.6091246560067,7.383924532880306,7.235968269631192
1.15,36.99982532218558,32.78088542373307,29.970753379348636,27.430648953509692,25.056219118273997,23.312991876405885,22.409121894316044,21.803251136331998,21.32574455741179,20.916318712021205,20.54761928603272,20.205058137690962,19.879730983411612,19.56542135864556,19.25705693051901,18.949787607203458,18.638309805296064,18.316546146911303,17.97773341729945,17.615789127834468,17.22830499018013,16.819072973773853,16.394283934111463,15.952862681666582,15.476274913854008,14.912354019782192,14.113650702669915,12.742102207095463,11.249737058921959,9.864417049290633,8.562994178829126,7.338962153830478,7.191146398874666
1.16,36.99999831838907,32.71189454641368,29.902338768788194,27.364792841978467,24.99287870775767,23.244469408456812,22.33824711361317,21.73187991352583,21.254410916726552,20.845212587058025,20.47682625822437,20.134622008955702,19.809678651687378,19.495776606656683,19.187845708396004,18.881043916686924,18.57008082659044,18.24889348210332,17.910732496442762,17.549509498140175,17.162784060383316,16.754296379481637,16.33023911204279,15.88962548649133,15.414109005733849,14.851950133391759,14.057036462703946,12.691875626362368,11.200604615521554,9.816619727700033,8.516470623097046,7.293630001143132,7.145957561483768
1.17,37.00018243512679,32.64194190416373,29.833108017082505,27.298177801285288,24.92882719522995,23.175578898847707,22.267152114983567,21.66034537673506,21.182941835210013,20.77398701708027,20.405923761903324,20.06408292338413,19.739527677677128,19.426035817245733,19.118539561185383,18.812204880927275,18.501754315188798,18.181139113645298,17.843623560816347,17.483114089311485,17.09713968446169,16.689390656320047,16.266060836398992,15.826248021885169,15.35178655970299,14.791348455788459,14.000107886231312,12.641161663954051,11.15102931428928,9.768407167261213,8.469556622806262,7.247930550037,7.100404213559178
1.1800000000000002,36.999815805684634,32.5710202467046,29.76305641996508,27.230799560703105,24.864060579482675,23.1063168079761,22.195835191544536,21.588646429079866,21.1113364725921,20.702641297071093,20.3349111706636,19.993440306529482,19.669277520657626,19.356198472470563,19.04913798552748,18.743270003596407,18.433329774457047,18.113282534851724,17.776406082753176,17.416602338259505,17.03137125193261,16.624355150540623,16.201748428483544,15.762729602767312,15.289306887035236,14.730548299823615,13.942864368596373,12.589957452886116,11.101008608385149,9.719776998679583,8.42224994883544,7.2018617010797765,7.054484271295366
1.1900000000000002,36.999997187006144,32.49912997668521,29.69218580571376,27.162659926658105,24.798580553292286,23.036682505124183,22.124296387701285,21.51678327672852,21.03959507104902,20.631175677524908,20.263788734304313,19.922694408396488,19.598928430050535,19.286264823879886,18.97964123885432,18.674239552754145,18.364807489962754,18.04532405497416,17.709080401409526,17.349974611089817,16.965479142790695,16.559190244067445,16.13730227986564,15.699070669672931,15.226670557068687,14.66955057250332,13.885307850629081,12.538264026002741,11.050543494774978,9.670730175871414,8.374551496731472,7.155424294138129,7.008198567859222
1.2000000000000002,37.00019718049466,32.426274383746936,29.620500438441766,27.093762969395765,24.732390930334276,22.966676472372715,22.05253640957114,21.444756614727904,20.96771827747237,20.559590765447325,20.192557029143476,19.851845785917657,19.52848094923494,19.2162354091189,18.910049861281095,18.605114080285855,18.296188037483912,17.977264285763425,17.641647177084135,17.283231618104804,16.899464104138556,16.493896702979345,16.072723179149943,15.635272080106681,15.163878603611629,14.60835676558697,13.82744119670732,12.486083871523926,10.999636290776062,9.621268890478571,8.326463325777995,7.108620263764419,6.961549022786871
1.2100000000000002,36.9998000008791,32.3524484399754,29.54799739344934,27.024106064611924,24.665489251275822,22.896296078634357,21.980554063247514,21.372565713569724,20.8957055510063,20.487886117053474,20.12121566666626,19.780894087228127,19.45793474998879,19.14610991646184,18.840363552595562,18.535893293171675,18.227471127486012,17.90910293562758,17.574106109701045,17.21637303996459,16.833325786188617,16.428474147338363,16.008010730800088,15.57133344431976,15.100930661573136,14.546966586342307,13.769264390019616,12.433415190065732,10.948285410719464,9.571391672756594,8.277984052496718,7.0614483059562625,6.914534341656021
1.2200000000000002,36.99999558673577,32.27765216803949,29.474678031267132,26.95369057250564,24.5978767899072,22.825540626385372,21.908349311455783,21.300210701228405,20.823557061848142,20.41606191556284,20.049764832960065,19.70983950085328,19.38729002181561,19.075888538217097,18.770582510761518,18.466577398749727,18.15865698224781,17.84084024665706,17.506457465952593,17.14939916483064,16.76706448690695,16.362922874784253,15.943165239536032,15.507255108502676,15.037827187001236,14.485380779158579,13.710779060762802,12.380258741333089,10.89649159272379,9.521099231705362,8.229114341953418,7.013909043719487,6.8671551424146084
1.23,37.00022039794451,32.20188826663697,29.40054595516652,26.88251993646497,24.52955677160461,22.754410457404926,21.83592273068276,21.227692157365475,20.751273353395064,20.344118672563834,19.97820501464777,19.638682497665545,19.31654722453146,19.00557172968593,18.70070719350615,18.397166865072165,18.089746090508804,17.77247673856713,17.438701807153546,17.082310596608913,16.700680841126395,16.297243535622155,15.878187374596452,15.443037801363486,14.974569061233717,14.423600621907116,13.651987676505215,12.32661662529947,10.84425679009527,9.470393415238446,8.17985593002783,6.966004107333887,6.819413042631952
1.24,36.99977520182588,32.12515295479292,29.32559914665512,26.810592363012596,24.460527514513256,22.682903499361284,21.763273417827953,21.15500954979012,20.678854040996377,20.272056078076417,19.906535943700195,19.567422837496764,19.245706135871508,18.93515928135928,18.630737400697758,18.32766149861159,18.020738263286585,17.704012223401744,17.37083894211406,17.015107132387094,16.634174624311118,16.231435882513903,15.813076877753895,15.37868127429485,14.911156068364006,14.361625990118139,13.5928904336313,12.272487589386659,10.791579903255244,9.419273207045112,8.130207859376114,6.917732593600382,6.771307145639592
1.25,36.99999306075059,32.047446262154516,29.24983879784338,26.7379090422238,24.390790131975486,22.611019150457143,21.6904013430581,21.08216299108212,20.606299273584263,20.199874292067147,19.83475778244903,19.49606068468406,19.174766920958195,18.864651360735984,18.560673304694774,18.258061479815524,17.951633693960517,17.63544691172815,17.302869102707906,16.947789022679608,16.567546095550508,16.165500174245103,15.747834013887116,15.314185828004389,14.847588604206477,14.299457529074141,13.533488743292502,12.217872298730772,10.73846157294698,9.367739222172466,8.080170706498595,6.8690950421616925,6.722837986650573
1.26,37.00025693638301,31.968770655380915,29.173268129362505,26.66447304730618,24.32034750143033,22.53875776228878,21.61730703573159,21.009153003777776,20.53360953815348,20.127573771616582,19.762870964967682,19.424596458721126,19.10372998910232,18.794048372809748,18.49051531235216,18.188367224398146,17.882432816256657,17.566781264422232,17.2347927863436,16.880356802546036,16.500795817605155,16.09943698765694,15.6824593766484,15.249552107941456,14.78386744714833,14.23709636223063,13.473784762594828,12.162772630655622,10.684903538619325,9.31579310520173,8.029746015857329,6.820092903186123,6.674007004486168
1.27,36.99973601691115,31.88912320561857,29.095885662919642,26.590283072929143,24.24919839729859,22.466117685173668,21.54398979352706,20.935979182828422,20.46078454662718,20.055154287238043,19.690875294449484,19.35302998450772,19.032595179123515,18.723350166428087,18.420263280093117,18.118578594420644,17.81313549660957,17.49801514986719,17.16660986027957,16.812810331381595,16.4339236336742,16.03324614815489,15.616952783322871,15.184779941135158,14.719992455853056,14.174542435502925,13.413778736091546,12.107187660239834,10.63090498747562,9.26343410593366,7.97893308009204,6.770725508584319,6.624813535797852
1.28,36.99998853834307,31.808504094688246,29.01769252274262,26.51534023082602,24.17734385838343,22.39309847898302,21.470449627317237,20.862641647694286,20.387824444122646,19.98261599053093,19.618770922826553,19.281361414548048,18.961362643460834,18.652556895548692,18.34991736568759,18.04869575437697,17.743741910530698,17.429148758445745,17.098320533472545,16.74514983476904,16.366929777651343,15.966927890201106,15.551314474014491,15.119869598270562,14.655963982105558,14.1117963130704,13.353471878054052,12.051118016984155,10.576466516908017,9.210662795791393,7.927732434450017,6.720993359153436,6.575258077244783
1.29,37.000317249224175,31.72691575827466,28.938691698113946,26.439647363265596,24.104786544588936,22.319700590508106,21.396687065209207,20.789140895845872,20.31472968696751,19.909959306354132,19.54655825181107,19.209591135776602,18.890032758835574,18.5816689322023,18.279477942163627,17.978719084660128,17.674252454012407,17.360182510076655,17.02992525830463,16.67737579912332,16.299814761859963,15.90048273998758,15.485544990411801,15.05482166606976,14.591782727868603,14.048858995507837,13.292866080119932,11.994565444513233,10.521589734211032,9.157480692357817,7.876145503746429,6.670897792478714,6.525341955917694
1.3,36.99967060743856,31.644355916938892,28.85888205820153,26.36320347231314,24.031525517207008,22.245922724185075,21.322701559076805,20.715476612735962,20.241500052360106,19.83718405767607,19.474237129870378,19.13771901357775,18.818605401476226,18.510686160438492,18.208944899508555,17.908648479717087,17.604667025035617,17.291116304445467,16.961423933773588,16.609488117481096,16.232578466771464,15.833910563995927,15.419644192632607,14.989636012534312,14.527448586786571,13.985730446987258,13.23196154672956,11.93752922900576,10.466274008497017,9.103887212929138,7.824171737880756,6.620438288375284,6.475064655247453
1.31,36.99997893682161,31.560824967424306,28.778264697028238,26.286009625263915,23.957561772246844,22.17176463178336,21.248493174491756,20.641648933615667,20.168135688334512,19.76429039336481,19.401807703522987,19.065745193189148,18.74708071542698,18.43960872477706,18.138318384887544,17.83848409201445,17.53498578516643,17.221950315736567,16.892816750074452,16.54148699491981,16.1652211058661,15.767211577510345,15.35361230136264,14.924312883750781,14.462961872048371,13.922411156038622,13.17075930036582,11.880009985088385,10.410519914095138,9.049882904118755,7.771811648545184,6.569615325463712,6.424426649884352
1.32,37.00042795470118,31.47632543391324,28.696842461223618,26.20806851501827,23.88289782850395,22.097226905646732,21.17406246517774,20.567658349701446,20.09463703563665,19.69127871913685,19.329270353968806,18.993670040038555,18.675459055342785,18.36843697447719,18.067598747521487,17.768226276632966,17.465209102831896,17.15268493343401,16.82410412568312,16.473372881106982,16.09774315375599,15.700386269498233,15.287449820234626,14.858852822188027,14.39832322488657,13.858902019167045,13.109260994570835,11.822009373768259,10.354328974223288,8.995469201426243,7.719066583152378,6.518430168507711,6.373429194651014
1.33,36.999547860997794,31.39085556088447,28.61461444790359,26.12937933898549,23.807532929161603,22.022308561110783,21.0994090079907,20.493504614137915,20.021003917293594,19.618148893035368,19.256624958878955,18.921493444786663,18.60374032022229,18.29717081448325,17.996785896765353,17.6978749460895,17.39533689284311,17.08332007309735,16.75528597489435,16.405145685074025,16.030144509412093,15.633434527996974,15.221156632060087,14.793255715504564,14.333532549667591,13.795202987100755,13.04746674069537,11.763526819095963,10.29770067507588,8.940645628696306,7.665936091570815,6.466882391359352,6.32207186630238
1.34,36.99995201586229,31.304415985872843,28.53158173326498,26.049943130876947,23.73146803762974,21.9470095547567,21.024532928551185,20.41918788119119,19.94723648656522,19.544901063088833,19.183871660997717,18.849215546887667,18.531924647091166,18.225810381182438,17.92587997043546,17.627430242050465,17.325369304030822,17.013855893918343,16.68636247039066,16.336805592715823,15.962425367330392,15.566356550688852,15.154732939763813,14.727521786850277,14.268590122548623,13.731314474084487,12.985377370165704,11.704562926276946,10.240635574742187,8.885412714016834,7.612420667865389,6.4149724560645645,6.2703551230424805
1.35,37.00068074923304,31.217009397131257,28.44774707806954,25.969762486541303,23.65470558064976,21.871330655307816,20.949434822890918,20.344708647709968,19.87333517821301,19.471535624244133,19.111010828621456,18.776836697381885,18.460012375328983,18.154356007652087,17.854881300437498,17.55689250078452,17.255306683877365,16.944292761810956,16.617334004016378,16.268353024738005,15.89458617271745,15.49915279806336,15.088179217986339,14.66165154392874,14.203496534442321,13.667237285363656,12.922994318060352,11.645119305679579,10.18313514334209,8.829771839769908,7.558521609302962,6.362701580231484,6.218280172900061
1.36,36.99925442423573,31.12863447384435,28.36310972421749,25.888836720907992,23.577244910417473,21.79527115693855,20.87411437186126,20.27006671844416,19.79929984748149,19.398052457517434,19.038042357466313,18.704356801671743,18.388003416579846,18.082807609850526,17.78378980570473,17.48626164302336,17.185148953912087,16.87463059762366,16.548200494103025,16.19978789408499,15.826626830169678,15.431823166308002,15.02149535840248,14.595644879473252,14.138251683970253,13.602971337030771,12.860317568115383,11.58519546777104,10.125198939222054,8.773722594140821,7.504238526056186,6.310069394462998,6.165846648954388
1.37,36.99981509157536,31.039292102447682,28.277670731831066,25.807166835414026,23.499086959015795,21.718831225135077,20.798571762416362,20.195262267352998,19.725130653254038,19.32445171040253,18.964966386743523,18.631775993636523,18.315897901033612,18.011165316199207,17.71260561485898,17.41553779977918,17.11489625036511,16.804869545672265,16.478962095940766,16.13111036759003,15.758547515322318,15.364367835670542,14.954681546368064,14.52950199389243,14.072855810391344,13.538516969085611,12.797347760590057,11.52479200766628,10.066827505409124,8.717265487747852,7.449571895577757,6.25707634521007,6.113054993938501
1.3800000000000001,37.00170402910134,30.948985188629095,28.191432817596603,25.724755367518036,23.420234097403785,21.642011825719635,20.722807644565616,20.120295805457623,19.650828031296456,19.250733773227505,18.891783277464132,18.55909461520846,18.243696157844802,17.9394294485074,17.64132904734507,17.344721293383593,17.044548904756695,16.735009953483782,16.409619180252236,16.062320842897748,15.690348650255105,15.296787244753109,14.887738234357725,14.463223367316555,14.007309462308532,13.473874905665243,12.734086128464035,11.463910508471452,10.008022281841164,8.660401871315521,7.394522985188389,6.203723621949719,6.059906387970057
1.3900000000000001,36.99799694753282,30.857712777299064,28.104395305976592,25.641601691591863,23.34068573241626,21.56481250591254,20.646821786905647,20.045167176888658,19.576391858819964,19.176898540914824,18.818492935054852,18.48631257868254,18.171398103771853,17.867599926408783,17.569960024414954,17.273812045486757,16.97410683786214,16.665051739387902,16.340171661113473,15.993419227971874,15.62203013570044,15.229081287993726,14.82066531269303,14.396808886818174,13.941612520570969,13.409045012975863,12.670532503612248,11.402550528567046,9.948782865479142,8.603131365893386,7.339091435788485,6.150010884234381,6.006400492865072
1.4,36.98434519982072,30.765476004462123,28.016559239496235,25.557706775275225,23.260442763422937,21.487233640344822,20.570614437466293,19.969876575078956,19.50182230010303,19.10294616022495,18.745095495004527,18.413430012186616,18.09900386199721,17.79567687019252,17.498498665332455,17.202810176284974,16.903570173146182,16.594995032647144,16.270619676241264,15.924405670387234,15.553592128210251,15.161250127984944,14.7534629489431,14.330258729857904,13.875765187321944,13.344027556580105,12.60668733515228,11.340712650908713,9.8891097836735,8.545454464042729,7.283277707683776,6.09593856243479,5.952537735406185
