时间（s）,贴身侧温度（℃）,功能层均温（℃）,外表面温度（℃）,固化进度
0,37,37,36.98434519982072,0
0.25,36.9999999976847,36.99695812207632,35.968779223695044,0
0.5,36.99999970474444,36.97987747756809,35.55010508017531,0
0.75,36.99999385707807,36.944887650783436,35.22970089048682,0
1,36.99994591244762,36.894690215063555,34.96088656593171,0
1.25,36.99972867935438,36.83316611729607,34.725474146086654,0
1.5,36.99907966934355,36.763583635896076,34.51383963207205,0
1.75,36.99761757172154,36.688386972477446,34.320145850708606,0
2,36.994903473431805,36.609342381603234,34.14056778408699,0
2.25,36.99050616362228,36.52771686621013,33.972457200280274,0
2.5,36.98404812855918,36.44442092023693,33.813899386381976,0
2.75,36.9752285856747,36.360111418265355,33.66345997573189,0
3,36.96382898258945,36.27526365284284,33.520032274359956,0
3.25,36.949707879822725,36.190221644148295,33.382741002421035,0
3.5,36.93279067021011,36.105233574187395,33.25087923004838,0
3.75,36.9130576490474,36.02047706267435,33.12386564192941,0
4,36.89053240135021,35.9360774423553,33.001214704016604,0
4.25,36.865271447477554,35.85212114014581,32.88251529034818,0
4.5,36.83735548146682,35.76866558122468,32.76741502536854,0
4.75,36.80688221020518,35.68574658375785,32.65560859315732,0
5,36.77396064621248,35.60338391675803,32.54682886654452,0
5.25,36.73870664821708,35.52158549699801,32.4408400826768,0
5.5,36.70123949606476,35.44035056758949,32.33743253005545,0
5.75,36.661679303148475,35.35967210865583,32.23641836843483,0
6,36.62014509574554,35.27953866552761,32.13762830822448,0
6.25,36.57675341671515,35.199935733220926,32.04090894865325,0
6.5,36.531617337265175,35.12084680191123,31.946120625185877,0
6.75,36.484845783447206,35.04225414293728,31.853135653549646,0
7,36.43654310332413,34.96413939604283,31.761836884709094,0
7.25,36.386808816559,34.88648400436064,31.672116505150004,0
7.5,36.33573750091385,34.809269532854614,31.583875031863172,0
7.75,36.28341878029752,34.732477897697024,31.49702046280331,0
8,36.22993738702289,34.656091527741495,31.41146755228354,0
8.25,36.17537327723471,34.580093474395504,31.327137187430978,0
8.5,36.1198017833942,34.504467482453705,31.24395584696544,0
8.75,36.0632937915444,34.42919803156561,31.161855127538118,0
9,36.00591593405871,34.35427035578002,31.08077132595122,0
9.25,35.94773079088287,34.27967044688479,31.000645067979818,0
9.5,35.88879709406211,34.20538504592754,30.921420976389776,0
9.75,35.82916993171819,34.13140162627227,30.8430473722096,0
10,35.768900948694736,34.05770837075092,30.765476004462123,0
10.25,35.70803854189663,33.98429414485382,30.688661804463923,0
10.5,35.6466280489643,33.91114846742801,30.612562661511443,0
10.75,35.58471192939078,33.8382614799869,30.53713921733488,0
11,35.52232993754174,33.7656239154527,30.462354677146863,0
11.25,35.45951928730276,33.69322706693694,30.38817463546839,0
11.5,35.39631480827359,33.62106275699786,30.314566915198792,0
11.75,35.33274909357293,33.549123307687125,30.2415014186234,0
12,35.268852639420466,33.47740151160123,30.1689499892424,0
12.25,35.20465397673557,33.40589060407965,30.096886283447464,0
12.5,35.14017979504159,33.3345842366365,30.025285651202537,0
12.75,35.07545505899632,33.26347645167102,29.954125024983398,0
13,35.01050311788783,33.192561658471206,29.883382816316427,0
13.25,34.94534580844305,33.12183461050264,29.813038819327726,0
13.5,34.88000355129814,33.05129038395807,29.743074120773887,0
13.75,34.81449544147515,32.98092435753177,29.67347101607696,0
14,34.748839333201786,32.91073219337512,29.604212930930753,0
14.25,34.68305191940019,32.84070981918451,29.53528434808184,0
14.5,34.617148806158475,32.770853411369984,29.466670738926393,0
14.75,34.55114458248505,32.701159379251266,29.398358499588372,0
15,34.4850528856317,32.631624350227895,29.330334891174758,0
15.25,34.418886462256886,32.56224515587066,29.262587983925147,0
15.5,34.35265722568646,32.49301881888255,29.19510660499468,0
15.75,34.286376309514836,32.423942540879196,29.127880289628248,0
16,34.22005411777583,32.35501369094086,29.06089923550135,0
16.25,34.15370037189903,32.28622979488936,28.994154260018817,0
16.5,34.08732415465497,32.21758852524666,28.927636760377098,0
16.75,34.02093395127999,32.14908769183277,28.861338676209197,0
17,33.954537687960055,32.080725232963786,28.79525245464358,0
17.25,33.888142767841956,32.012499207212635,28.729371017619904,0
17.5,33.82175610472961,31.944407785697162,28.66368773131471,0
17.75,33.755384154613715,31.87644924486253,28.59819637754016,0
18,33.68903294517316,31.808621959726533,28.53289112698786,0
18.25,33.62270810337848,31.740924397558505,28.467766514198328,0
18.5,33.556414881318936,31.673355111964362,28.402817414144373,0
18.75,33.49015818036741,31.605912737351662,28.338039020324075,0
19,33.423942573789596,31.538595983750643,28.27342682426584,0
19.25,33.35777232789788,31.471403631968304,28.208976596354272,0
19.5,33.29165142184304,31.404334529054267,28.144684367891667,0
19.75,33.225583566131746,31.337387584058426,28.080546414315336,0
20,33.159572219951556,31.270561764061647,28.016559239496235,0
20.25,33.09362060738028,31.20385609046198,27.952719561049133,0
20.5,33.02773173255151,31.137269635499962,27.889024296589124,0
20.75,32.96190839384341,31.070801519007667,27.825470550873412,0
21,32.896153197153765,31.004450905367055,27.762055603771422,0
21.25,32.83046856832009,30.938217000664228,27.698776899009694,0
21.5,32.76485676473967,30.87209905002692,27.635632033641752,0
21.75,32.699319886241376,30.806096335133454,27.572618748196195,0
22,32.633859885257145,30.740208171882134,27.50973491745928,0
22.25,32.5684785763384,30.674433908210705,27.446978541851177,0
22.5,32.50317764505948,30.60877292205629,27.38434773935754,0
22.75,32.43795865634768,30.543224619446637,27.321840737980775,0
23,32.3728230622767,30.477788432714362,27.25945586867739,0
23.25,32.30777220935816,30.41246381882614,27.19719155875015,0
23.5,32.24280734536348,30.3472502578195,27.135046325665826,0
23.75,32.177929625706334,30.2821472513403,27.073018771270956,0
24,32.11314011941407,30.21715432127435,27.011107576380148,0
24.25,32.0484398147144,30.15227100846718,26.949311495712834,0
24.5,31.983829624262416,30.087496871526184,26.88762935315604,0
24.75,31.919310390030766,30.02283148569995,26.82606003733221,0
25,31.854882887884962,29.958274441829687,26.764602497452383,0
25.25,31.790547831863943,29.893825345368185,26.703255739436422,0
25.5,31.726305878184906,29.82948381546193,26.642018822282996,0
25.75,31.662157628990258,29.765249484092262,26.580890854673303,0
26,31.598103635853093,29.701121995271887,26.519870991793464,0
26.25,31.534144403057013,29.637101004293026,26.45895843236149,0
26.5,31.47028039066456,29.573186177023995,26.39815241584564,0
26.75,31.406512017388103,29.509377189251033,26.337452219861884,0
27,31.342839663275708,29.44567372606251,26.276857157738895,0
27.25,31.279263672224097,29.382075481272693,26.21636657623979,0
27.5,31.215784354329625,29.318582156882652,26.155979853430548,0
27.75,31.152401988087895,29.25519346257581,26.095696396685636,0
28,31.089116822451665,29.19190911524593,26.035515640821988,0
28.25,31.02592907875615,29.1287288385555,25.975437046353157,0
28.5,30.962838952520332,29.06565236252245,25.915460097855753,0
28.75,30.899846615132226,29.002679423133525,25.855584302441112,0
29,30.83695221542557,28.93980976198245,25.795809188325258,0
29.25,30.77415588115492,28.87704312593137,25.736134303490946,0
29.5,30.71145772037573,28.814379266794063,25.676559214435787,0
29.75,30.648857822735554,28.751817941039498,25.61708350500095,0
30,30.586356260681963,28.689358909514443,25.557706775275225,0
30.25,30.523953090592723,28.627001937183895,25.49842864056961,0
30.5,30.461648353833116,28.56474679288816,25.439248730457887,0
30.75,30.399442077745125,28.50259324911558,25.380166687878905,0
31,30.33733427657288,28.440541081789785,25.321182168296662,0
31.25,30.275324952328482,28.378590070070658,25.26229483891436,0
31.5,30.213414095602015,28.316739996168018,25.203504377939087,0
31.75,30.151601686319356,28.25499064516733,25.14481047389392,0
32,30.089887694451146,28.193341804866495,25.086212824973465,0
32.25,30.02827208067605,28.13179326562321,25.02771113844237,0
32.5,29.966754797001304,28.070344820212004,24.969305130071184,0
32.75,29.905335787343198,28.00899626369052,24.91099452360902,0
33,29.844014988070185,27.947747393274312,24.85277905029007,0
33.25,29.782792328510943,27.88659800821969,24.79465844837186,0
33.5,29.721667731429715,27.825547909714043,24.73663246270316,0
33.75,29.660641113470934,27.76459690077317,24.678700844319675,0
34,29.599712385575256,27.703744786145204,24.62086335006574,0
34.25,29.538881453368656,27.642991372220642,24.56311974224031,0
34.5,29.47814821752656,27.582336466948178,24.5054697882657,0
34.75,29.417512574114312,27.52177987975582,24.44791326037758,0
35,29.356974414905864,27.461321421477123,24.390449935334992,0
35.25,29.296533627681722,27.4009609042821,24.333079594148828,0
35.5,29.236190096507812,27.34069814161252,24.275802021827904,0
35.75,29.175943701996236,27.28053294812132,24.218617007141216,0
36,29.11579432154925,27.22046513961592,24.16152434239554,0
36.25,29.055741829587483,27.1604945330051,24.10452382322726,0
36.5,28.99578609776338,27.100620946249226,24.047615248407585,0
36.75,28.935926995160898,27.040844198313735,23.990798419660226,0
37,28.876164388482284,26.981164109125444,23.93407314149082,0
37.25,28.81649814222277,26.92158049953173,23.87743922102724,0
37.5,28.756928118834,26.862093191262222,23.82089646787017,0
37.75,28.697454178876853,26.80270200689296,23.76444469395327,0
38,28.63807618116442,26.743406769812776,23.708083713412243,0
38.25,28.578793982895704,26.68420730419184,23.651813342462383,0
38.5,28.51960743978068,26.62510343495215,23.595633399283866,0
38.75,28.46051640615722,26.56609498773987,23.539543703914443,0
39,28.401520735100537,26.507181788899466,23.483544078149,0
39.25,28.34262027852542,26.448363665449364,23.427634345445476,0
39.5,28.283814887281927,26.389640445059218,23.37181433083691,0
39.75,28.225104411244846,26.331011956028572,23.316083860848988,0
40,28.16648869939731,26.27247802726679,23.260442763422937,0
40.25,28.107967599909067,26.21403848827434,23.204890867843318,0
40.5,28.049540960209605,26.155693169125154,23.149428004670405,0
40.75,27.991208627056533,26.09744190045011,23.094054005676917,0
41,27.93297044659952,26.03928451342153,23.038768703788744,0
41.25,27.874826264440067,25.98122083973865,22.983571933029452,0
41.5,27.816775966500682,25.924615598711895,22.928469668839064,0.0000060321468998518435
41.75,27.758823903133983,25.869820395627496,22.873547277332335,0.000035453431232167814
42,27.700997248672593,25.81657937493756,22.81896993535728,0.0000901468921640199
42.25,27.64335199807779,25.764765487888756,22.764903810314564,0.00016830937270366383
42.5,27.585959980849047,25.71416839318104,22.711480413919613,0.0002740162176628792
42.75,27.528895210268413,25.664697596193964,22.6587920060314,0.0004016632461668198
43,27.47222538750176,25.616340855357777,22.606898974629637,0.0005567908173061653
43.25,27.416008856006446,25.569064433638353,22.55584388993352,0.0007342344569271366
43.5,27.360295413169517,25.522760964298914,22.505658084409625,0.0009383670034627092
43.75,27.305127486794312,25.477429265038165,22.456359712077678,0.0011666184197653294
44,27.250540274744647,25.43302804617993,22.407957927131307,0.0014172603377026703
44.25,27.196562758046735,25.389508491847288,22.3604563398906,0.0016950802694406036
44.5,27.143218717812026,25.346839876237752,22.313852454266275,0.0019950275117475752
44.75,27.090527198476607,25.305024853064328,22.268139080738145,0.0023170659388098724
45,27.038503169697787,25.263984370294896,22.223307410453266,0.002663765242446166
45.25,26.987158390916846,25.223770230998642,22.179344815019544,0.003035209651931832
45.5,26.936501552998763,25.18430148808822,22.13623886695348,0.0034271308842762542
45.75,26.88653924029789,25.145575427333068,22.093975535007875,0.0038411309160226842
46,26.837275901656117,25.10758231901088,22.05253854710002,0.004276180055436544
46.25,26.78871399199908,25.07024457254947,22.01191176760485,0.004732566545116165
46.5,26.740854321137235,25.033601579712656,21.972075820888065,0.0052120764243833275
46.75,26.693695702866002,24.997560301500556,21.933011628168085,0.005710224858895762
47,26.64723550776575,24.962206891585286,21.89469841121829,0.006230316519613165
47.25,26.601469615111853,24.92747246194271,21.857118565250733,0.006768982123829509
47.5,26.556393549931474,24.893351539873358,21.82025603646561,0.007327379663964533
47.75,26.512002449419384,24.859825723775895,21.78409356447058,0.007904103037115202
48,26.468290751445338,24.826881963571527,21.74861403425073,0.008500431168275088
48.25,26.425252265571938,24.7944804014377,21.713800431764515,0.009113277954738758
48.5,26.38288017289684,24.762630969326246,21.679634599141995,0.009745266035680634
48.75,26.341166838644796,24.731274031204553,21.646098848714885,0.010392711592415692
49,26.300104018042695,24.700416383843667,21.61317417370461,0.011056937182399255
49.25,26.259682567682585,24.670048401512346,21.580841382999676,0.011737000124295597
49.5,26.219892710627196,24.64019710935436,21.549083171502424,0.012434238058205016
49.75,26.18072462008639,24.610801828935145,21.51788548799398,0.013148372906562336
50,26.142168912625866,24.581870422627183,21.487233640344822,0.013878284962153794
50.25,26.104216066139035,24.55336097088828,21.457112226407116,0.014622952227146664
50.5,26.066856225676162,24.525286893485394,21.42750514004321,0.015380424207471566
50.75,26.030079074101916,24.497644360984403,21.398397092112845,0.01615262101592549
51,25.99387421357009,24.470397764122705,21.36977477512667,0.01693648838242618
51.25,25.958231445582175,24.443537404804943,21.341624205415958,0.017733611736956156
51.5,25.923140385087184,24.417055647416788,21.313930708854258,0.018548426262107322
51.75,25.888590358666402,24.390953333437842,21.286680280270378,0.01937419595328083
52,25.8545706432952,24.365224114358373,21.25986034120632,0.02021103521767119
52.25,25.82107075774325,24.339854169673753,21.2334595308909,0.02105810226049968
52.5,25.788080541018886,24.314821855634786,21.207466693828202,0.021919548576322112
52.75,25.755589962962706,24.290108876924986,21.181869887246215,0.02279443967521097
53,25.72358882058058,24.26572162305605,21.15665635002782,0.023676531386444002
53.25,25.69206665239616,24.241671274059975,21.13181439472134,0.024568320805056883
53.5,25.661013156434926,24.217913310827875,21.107334652493048,0.02547573295932078
53.75,25.630418516715007,24.194465747926817,21.08320685263881,0.026391795956618377
54,25.600272941434,24.171325348852935,21.059421042237933,0.027315730892167475
54.25,25.57056682878648,24.14846594889013,21.03596889765874,0.028249723670276557
54.5,25.541290961517923,24.125891084063387,21.012841488328725,0.029197395733820814
54.75,25.51243619058898,24.103594411569603,20.990029908414808,0.03015016458486553
55,25.48399347026417,24.081568481981087,20.967526004923155,0.031110796239112403
55.25,25.45595397377502,24.05979808582029,20.945321872107854,0.03208684885422646
55.5,25.42830903480834,24.038275113496116,20.923409205657656,0.03306534285725874
55.75,25.40104998331979,24.01699411164448,20.90177941338548,0.0340530961062104
56,25.374168111766117,23.995943160314674,20.880424126431592,0.035052722443629225
56.25,25.347654742898495,23.975116929129445,20.85933497529954,0.036052027868870996
56.5,25.321501217263343,23.95453639150159,20.838503853227273,0.03706802045518371
56.75,25.295699036799363,23.93417469804962,20.817924711882828,0.03808894244831569
57,25.27024024777771,23.914011986184562,20.797591548894484,0.03911231805912124
57.25,25.24511710609061,23.894057744150345,20.777496630239053,0.04014958608833007
57.5,25.220321676386533,23.874310958839157,20.757632661018718,0.04118524166544278
57.75,25.19584610726916,23.854782393024145,20.7379937322991,0.04223709200923519
58,25.1716829500943,23.83545783415705,20.718575480420004,0.04329142175768521
58.25,25.147825336596835,23.816324058928572,20.69937372516624,0.04435034870044903
58.5,25.12426672704645,23.797382662007344,20.680383292913646,0.0454199773363755
58.75,25.101000602964614,23.778630396400178,20.661598992999938,0.04648720964658385
59,25.078020527049578,23.76007080519922,20.643016152574177,0.047572500122371915
59.25,25.055320273158504,23.74169292533099,20.62463080214145,0.04865501154021545
59.5,25.032893912823067,23.723478600832394,20.606438877939382,0.049748227309460887
59.75,25.01073563253421,23.70543405719893,20.588435118555548,0.05084210138288402
60,24.988839469519316,23.687572015876714,20.570614437466293,0.05194423035094113
60.25,24.96719953762063,23.669875134879234,20.552973479429966,0.05305356944866355
60.5,24.945810376105978,23.652332824678133,20.535508898691777,0.0541628907263797
60.75,24.924666716487835,23.634942380942107,20.51821624969287,0.05528303168538882
61,24.90376319875805,23.6177004550438,20.50109080369886,0.056401300204005585
61.25,24.88309439767749,23.60060439713705,20.48412804340852,0.057531707791689334
61.5,24.862654925691757,23.58365094841551,20.467323724517104,0.05865892700842401
61.75,24.842439498185865,23.56684601873957,20.45067388079108,0.05979865765876547
62,24.822442993314077,23.55018799006052,20.43417534574433,0.06093426908324664
62.25,24.80266059712888,23.533664681826778,20.417825554732346,0.06208441477042999
62.5,24.783087786120753,23.5172720894989,20.401621413239877,0.06322828269618111
62.75,24.763720090427768,23.501012002683062,20.3855593189484,0.0643858968912932
63,24.744553018647846,23.484882140279694,20.36963598831142,0.06553854277448723
63.25,24.725582179541263,23.468876289033744,20.353848504370255,0.0667038426719813
63.5,24.706803326486856,23.452991090330954,20.3381938306398,0.06786516988212167
63.75,24.688212282080094,23.437224428859356,20.3226687781042,0.06903618537591685
64,24.669804905034216,23.421574007838707,20.30727023829469,0.0702065705373785
64.25,24.651577119050927,23.406047440554534,20.291995309222376,0.071382494315712
64.5,24.633524979580894,23.390649993238117,20.276841950744334,0.07256116302798415
64.75,24.615644864059252,23.37536563176024,20.261809128185007,0.07374579661346604
65,24.597933530563953,23.36018418754422,20.24689513883997,0.07493185251425546
65.25,24.580387772959586,23.345106391235,20.232096955253606,0.07611806172808402
65.5,24.563004167129918,23.33013540260634,20.217411357778452,0.07731357260314646
65.75,24.545779189482857,23.315268579651324,20.202835780060493,0.07850377131231309
66,24.528709425457148,23.300500895209158,20.188368034222734,0.07970772213635817
66.25,24.511791598591348,23.285830578320816,20.174005794516177,0.08090364448689526
66.5,24.49502249055032,23.271253342118392,20.159746640280655,0.08211230699942422
66.75,24.47839891167639,23.256767150151042,20.145588064177407,0.0833175124753844
67,24.461917682791178,23.242374735314023,20.131527557826384,0.08452576055065315
67.25,24.445575663536836,23.22807981688305,20.117563065444468,0.0857400926677892
67.5,24.429369872834954,23.213879043361015,20.103693235417012,0.08695115016733018
67.75,24.413297584135247,23.19976556465179,20.089916885719994,0.08817339170411058
68,24.39735624118725,23.185737978528305,20.076232359085793,0.08938811989339635
68.25,24.381543296715293,23.171799680419603,20.062637745227793,0.09061454022002535
68.5,24.365856201225235,23.157950134069335,20.049131522047304,0.09183781090702037
68.75,24.350292520637318,23.144186053915245,20.035712528557426,0.09306522374911892
69,24.334849969531646,23.13050442299476,20.022379534522493,0.09429649903598186
69.25,24.319526339118323,23.11690357069486,20.00913108362495,0.09552292511717576
69.5,24.304319433684974,23.103379655333047,19.995965600755476,0.0967625734737824
69.75,24.28922705347157,23.089931553689986,19.982881352684466,0.09799520942066925
70,24.274246975512128,23.076561179077206,19.969876575078956,0.09923453304746573
70.25,24.25937698462228,23.063269229110773,19.956949827875786,0.10047570756603519
70.5,24.244614962699792,23.050053245435304,19.94410003824706,0.10171418999881239
70.75,24.229958930555735,23.036907806862885,19.931326155881855,0.1029632371381527
71,24.215406986453516,23.02383197003283,19.918626766184353,0.10420561703566503
71.25,24.200957203411438,23.010824593183052,19.90600026580359,0.10545509211906792
71.5,24.186607622205482,22.997884629490887,19.893445112563718,0.10670619808600722
71.75,24.172356291059437,22.98501119717449,19.880959854959055,0.10795101230219419
72,24.158201292273613,22.97220758379716,19.868543160348466,0.10921069678102217
72.25,24.14414077429297,22.959472658351295,19.856194079508718,0.1104635493729291
72.5,24.130173021493217,22.946802924693927,19.843911895663727,0.11172051314341101
72.75,24.116296440331922,22.934195215947405,19.831695697360953,0.11298129135532661
73,24.102509466041965,22.921648768786223,19.81954426893085,0.11423589740464543
73.25,24.088810500120186,22.909164149718023,19.807456316017408,0.11550149407651394
73.5,24.075197929927064,22.896740801373657,19.795430713508537,0.11676445976465595
73.75,24.061670184984052,22.884378203769675,19.783466500109956,0.11802493489117609
74,24.0482257612342,22.872076896516997,19.771562808387188,0.11929584559254383
74.25,24.034863224714496,22.859836004572337,19.759718908637602,0.12056045546896696
74.5,24.021581221861805,22.847652193162187,19.747934130406257,0.12183053784089137
74.75,24.008378457949686,22.835523032653878,19.736207606597716,0.1231029387091212
75,23.99525363130355,22.823447919286217,19.72453822493443,0.12436963217983711
75.25,23.98220539686424,22.811425904759417,19.712924828904278,0.12564614901620627
75.5,23.96923238779795,22.79945630759574,19.701366318183037,0.12692112011308188
75.75,23.956333243494164,22.787538540092605,19.689861658377882,0.12819053218964468
76,23.943506627144412,22.775673223878776,19.6784098970361,0.1294728694792854
76.25,23.930751242036475,22.763859770353854,19.667010237446384,0.13075029326540005
76.5,23.91806585545647,22.75209747711854,19.655661995389625,0.1320255461884937
76.75,23.905449299074114,22.740385371553806,19.64436450987126,0.13331063398434714
77,23.892900452193363,22.728722880507018,19.633117103623498,0.13459023853287155
77.25,23.88041822574519,22.71710987109732,19.621919099423014,0.13587118484182462
77.5,23.86800155935518,22.705546503630828,19.610769875388442,0.13715832353258328
77.75,23.855649432038064,22.694032178351073,19.59966890317989,0.1384399601124311
78,23.843360873453527,22.68256507515613,19.58861569232691,0.1397270784859579
78.25,23.831134952908926,22.67114388572183,19.577609656177607,0.14101601258968938
78.5,23.81897074534837,22.65976813700858,19.56665009087684,0.142299785859781
78.75,23.806867312926173,22.64843504420518,19.55573626130884,0.14359122610569058
79,23.794823706033455,22.63714336817944,19.544867301343047,0.1448826843611374
79.25,23.78283893995862,22.625892764902954,19.534042226117215,0.14616942298352784
79.5,23.77091199246794,22.614685138084802,19.523260100466107,0.14746239904273212
79.75,23.759041842541208,22.60352133151544,19.5125202552302,0.14875677660302977
80,23.747227536422315,22.592400849355148,19.50182230010303,0.150046093328626
80.25,23.73546821810955,22.581321782093614,19.491165928469186,0.15134347498399467
80.5,23.723763102193157,22.57028331406073,19.48055071581718,0.15263984243649253
80.75,23.712111421088583,22.559285060921823,19.469976123191117,0.15393145935202035
81,23.70051240285942,22.54832730106759,19.459441602954588,0.15523146981740726
81.25,23.68896528135751,22.53740979670289,19.448946682810707,0.15653011324669294
81.5,23.67746931730272,22.526532140767138,19.438490959961715,0.15782398585350518
81.75,23.666023805480794,22.515691396667926,19.42807403858704,0.15912720173964953
82,23.654628058891202,22.504886904154187,19.417695341495325,0.16042808268853903
82.25,23.64328136235631,22.494118377037427,19.407354157134183,0.1617246134750708
82.5,23.63198296552943,22.483385186281,19.397049799316314,0.16302839455618523
82.75,23.620732107428186,22.472686929280805,19.386781622839454,0.1643321199165148
83,23.6095280312751,22.46202332754451,19.376549019117462,0.16563160198843546
83.25,23.59836999288551,22.45139575843017,19.366351438368383,0.1669355339563816
83.5,23.587257274932213,22.440805162167788,19.356188507205363,0.16824182765474005
83.75,23.57618922182415,22.43025115567036,19.34606005845027,0.16954357681398477
84,23.565165258927795,22.41973096593593,19.335965974446278,0.17085047918793314
84.25,23.5541848630235,22.409242988895066,19.325905926707478,0.17215861787805814
84.5,23.543247493464968,22.398787005690412,19.315879349342186,0.17346275106335585
84.75,23.532352558396965,22.388363415462507,19.305885631557835,0.17476884876365026
85,23.521499437312173,22.377972884401405,19.29592426698876,0.17607967914361577
85.25,23.510687522401692,22.367615122232948,19.285994902855194,0.1773863521306644
85.5,23.49991624763719,22.357289363357363,19.276097263401418,0.17869361084779856
85.75,23.489185085719004,22.34699436107484,19.266231043566965,0.180006496140548
86,23.478493524412094,22.33672989497085,19.256395845826297,0.1813154708365875
86.25,23.46784104361529,22.326495798724483,19.246591237584376,0.1826223028540517
86.5,23.457227117335744,22.31629226292503,19.236816820271887,0.18393755305116502
86.75,23.446651228026806,22.306119043808323,19.227072261011777,0.18524887572670118
87,23.436112879975703,22.295975902039444,19.217357272244115,0.18655630220837774
87.25,23.425611601087702,22.28586124243806,19.207671573588797,0.18787338609502982
87.5,23.415146933075558,22.27577486423925,19.19801479454393,0.18918693172395012
87.75,23.404718407280885,22.26571657525807,19.188386511170062,0.19049680457353865
88,23.394325543545175,22.255685260359733,19.178786321191566,0.19181270323439295
88.25,23.38396785985101,22.24568040923996,19.169213789459075,0.19312874855927828
88.5,23.373644865496683,22.235701864971567,19.159668446236925,0.19444132200311798
88.75,23.3633560603333,22.225749580230037,19.150149846916285,0.19575475345356852
89,23.353100946667407,22.215823617208752,19.140657602868856,0.19707343404390415
89.25,23.342879042065515,22.20592379992716,19.131191388945417,0.19838862699873763
89.5,23.332689887577445,22.196049950587692,19.12175092243992,0.19970045353469867
89.75,23.322533047770975,22.186201465211806,19.112335939499015,0.20102142698375922
90,23.312408105557687,22.176378185719074,19.10294616022495,0.20233900711362882
90.25,23.302314652893656,22.166579951750304,19.09358129852324,0.20365321507310538
90.5,23.292252289288953,22.1568063122638,19.084241084138068,0.20497217884681054
90.75,23.28222062390644,22.14705696488523,19.074925243568003,0.20629208679266367
91,23.272219272394015,22.137331762309294,19.06563349559061,0.20760871414418675
91.25,23.26224785525892,22.1276302439938,19.05636556843542,0.20892538906945407
91.5,23.252305999560825,22.117951452237552,19.04712118279356,0.21024758586081863
91.75,23.242393333861024,22.108295272930572,19.037900004110007,0.21156668530363018
92,23.232509477251956,22.0986615855695,19.028701681705535,0.2128827029496658
92.25,23.22265404360588,22.089051003779407,19.01952590121918,0.21420458838072803
92.5,23.21282665525186,22.07946360843154,19.010372437504916,0.21552609075102722
92.75,23.20302696129828,22.069899248833995,19.001241143187755,0.21684440487122592
93,23.193254642880845,22.060357297699827,18.99213189002401,0.21816444985550487
93.25,23.183509403503972,22.05083698988653,18.98304451025193,0.21948791314005323
93.5,23.173790951129064,22.041338213451212,18.97397876535687,0.2208083745081041
93.75,23.164098984167094,22.031860852008673,18.96493439384545,0.222125849486074
94,23.15443319465649,22.022403798982563,18.955911147434215,0.2234510557103583
94.25,23.14479327302251,22.012966930108085,18.94690872765141,0.2247738174198405
94.5,23.135178897902342,22.003550151473178,18.937926808431573,0.226093755964131
94.75,23.125589738494103,21.994153436880165,18.92896509298576,0.22741484369742834
95,23.116025466117797,21.984776807078017,18.92002332497834,0.2287399499862048
95.25,23.106485762920663,21.975420157107603,18.911101289358633,0.23006222395710882
95.5,23.096970326695835,21.966083382322893,18.902198799036338,0.2313816804112715
95.75,23.087478870847182,21.956766031343385,18.893315680581463,0.2327072332615694
96,23.07801112100135,21.947467948149175,18.884451746389814,0.23403162158441446
96.25,23.068566807781476,21.938189038156175,18.875606798361172,0.23535327114278537
96.5,23.059145664920166,21.92892925872127,18.86678064914611,0.23667528835670573
96.75,23.049747432327795,21.91968863344333,18.85797313117604,0.23800168211642225
97,23.0403718597012,21.91046706117415,18.849184101597118,0.2393253321872149
97.25,23.03101870922254,21.90126444170606,18.840413433316314,0.24064625305780357
97.5,23.021687754910566,21.8920798797732,18.831661000803916,0.2419727866812011
97.75,23.012378777342512,21.882913149271456,18.822926623419654,0.24329829360158067
98,23.003091549337345,21.87376417354421,18.81421007752207,0.2446212271074064
98.25,22.993825833295478,21.86463277730971,18.80551114733313,0.24594395090091925
98.5,22.984581388802884,21.85551858756453,18.796829630572407,0.24727139347443955
98.75,22.97535797656317,21.846421533518054,18.788165319378994,0.24859633471893197
99,22.966155357123945,21.83734154169804,18.77951801078857,0.24991878492531763
99.25,22.956973293275833,21.828278607929025,18.770887522184648,0.25124457011718226
99.5,22.947811554344742,21.819232697204715,18.762273695375043,0.25257137442550587
99.75,22.938669919532273,21.810203730918783,18.753676394107817,0.25389568657735656
100,22.92954817913782,21.80119151517132,18.745095495004527,0.25521831708616194
100.25,22.920446133160123,21.792194787537955,18.73653086743512,0.25654673951473633
100.5,22.911363583304002,21.78321350467157,18.727982294750436,0.2578728789577802
100.75,22.902300313798307,21.774247615291948,18.719449514166833,0.25919674180476493
101,22.89325609277366,21.765296952570573,18.710932286997128,0.2605210299107355
101.25,22.88423068477636,21.756361210558726,18.70243039633133,0.2618491410350848
101.5,22.875223856123505,21.74744034077393,18.6939436283189,0.2631750382049008
101.75,22.86623537467085,21.73853429182841,18.685471780890037,0.2644987286140773
102,22.857265012416867,21.729643258386684,18.677014676783976,0.2658244807838951
102.25,22.848312550129442,21.72076742481113,18.668572179683746,0.2671522272989665
102.5,22.839377783903153,21.711906724743947,18.660144199836026,0.26847770393512305
102.75,22.83046052914624,21.70306109338348,18.651730668907224,0.2698009206019369
103,22.821560617480486,21.69423013047989,18.6433315190928,0.2711292652240655
103.25,22.812677890491987,21.685413742761792,18.63494665728943,0.27245624838327565
103.5,22.803812191301525,21.676611874256068,18.626575972232576,0.27378104140468346
103.75,22.7949633624866,21.667824158028385,18.618219354227975,0.2751058123918994
104,22.78613124741893,21.65904971584654,18.60987667407287,0.2764342442357787
104.25,22.77731568419776,21.65028851759855,18.601547735172026,0.27776066945305206
104.5,22.768516494036337,21.641540527036415,18.593232314556886,0.2790850925957229
104.75,22.75973348541415,21.632805709453855,18.584930213429335,0.2804105602837249
105,22.75096646504801,21.624084030515487,18.57664126104407,0.28173867405313546
105.25,22.74221524449892,21.61537544831977,18.56836531044236,0.2830647901146262
105.5,22.73347964306861,21.606679920086926,18.56010223342174,0.2843889148392531
105.75,22.724759488641137,21.597997191030025,18.551851915175398,0.28571559712301026
106,22.716054616735555,21.58932708888894,18.54361423626349,0.2870432044119817
106.25,22.70736486629429,21.58066957645193,18.535389067390884,0.28836888101932495
106.5,22.698690077256146,21.572024614827622,18.527176284134708,0.28969263263479234
106.75,22.690030092364665,21.56339188484696,18.5189757733165,0.29102024470943455
107,22.681384758388674,21.55477128632838,18.51078741278686,0.2923473597450895
107.25,22.672753922667596,21.546162785083446,18.502611072812204,0.2936726098034122
107.5,22.66413743253813,21.537566345473422,18.4944466328577,0.29499600014021143
107.75,22.6555351382063,21.52898159678684,18.486293983979408,0.2963243088692097
108,22.64694689369207,21.520408503514666,18.478153004495287,0.29765094168112166
108.25,22.63837255263668,21.511847034169854,18.470023566922638,0.2989757733389452
108.5,22.629811968618544,21.50329707071659,18.46190555582578,0.30029970517773547
108.75,22.621264998185985,21.49475803539742,18.45379885994905,0.30162761038020447
109,22.612731499346825,21.48622990850848,18.445703335408847,0.30295381832090235
109.25,22.60421132396246,21.477712666312534,18.43761882423388,0.3042783320600597
109.5,22.59570431911079,21.469206233699516,18.42954518557383,0.3056021230664348
109.75,22.587210333090972,21.460710307566483,18.421482292656027,0.3069296623436051
110,22.578729217235544,21.452224867560066,18.413430012186616,0.3082555619481324
110.25,22.570260823175353,21.44374989079185,18.40538821208447,0.30957982505642434
110.5,22.561805003932317,21.435285387172573,18.397356776073398,0.310903362554404
110.75,22.553361617240046,21.42683152714939,18.389335606839342,0.3122305017002205
111,22.544930528603977,21.41838827973399,18.381324635739613,0.3135559720496538
111.25,22.53651161483692,21.409955614606915,18.373323812737635,0.3148797784613226
111.5,22.528104763493655,21.40153337914926,18.36533309175597,0.3162040561586317
111.75,22.519709869700417,21.393121330072958,18.35735241837243,0.3175304620358006
112,22.51132683149739,21.384719443897374,18.349381718217764,0.31885526367426575
112.25,22.502955545482607,21.37632769547393,18.341420910337153,0.3201784647719589
112.5,22.494595907565422,21.367945726117384,18.333469918871693,0.3215032163278139
112.75,22.48624781427341,21.35957325289498,18.325528649842646,0.32282892644312433
113,22.47791115807485,21.35121026045949,18.317596981469997,0.3241531346296457
113.25,22.469585824106886,21.342856730832715,18.30967479038332,0.3254758433147278
113.5,22.461271693999382,21.33451259805421,18.301761968355382,0.326800384618186
113.75,22.452968650681804,21.326177813909187,18.293858418837452,0.32812551163891684
114,22.444676580234596,21.31785235887286,18.285964053594,0.3294491540084371
114.25,22.436395372517882,21.309536212573768,18.278078793832307,0.33077131482746663
114.5,22.428124921908257,21.30122908663138,18.270202568682343,0.3320960086266784
114.75,22.419865126690553,21.292930889077304,18.262335295052708,0.3334204138466585
115,22.411615884685094,21.28464160403336,18.254476878579535,0.3347433956135494
115.25,22.403377092063998,21.276361214253523,18.246627230622707,0.3360649564588093
115.5,22.395148645936484,21.26808866265364,18.238786267529765,0.3373896332976323
115.75,22.386930442419153,21.259823865694482,18.230953838353713,0.3387134366806619
116,22.37872236134038,21.251566822086833,18.22312974669809,0.3400359991382643
116.25,22.370524265877897,21.243317527346257,18.215313813877575,0.341357320876745
116.5,22.362336013675638,21.235076492615768,18.20750589289897,0.3426800568774404
116.75,22.35415746689113,21.226844092190753,18.199705902275806,0.3440034882557178
117,22.34598850549549,21.21862030072942,18.191913833143772,0.345325533047096
117.25,22.337829034353962,21.210405095383567,18.184129702968097,0.34664619532122437
117.5,22.329678977641816,21.20219738217577,18.176353518974693,0.3479695753964182
117.75,22.321538266395347,21.193997074673945,18.1685852012235,0.34929208285140934
118,22.313406816775174,21.185804169549634,18.16082460842127,0.35061339702623656
118.25,22.305284526954637,21.17761866079569,18.15307160614168,0.35193351845721454
118.5,22.297171287399554,21.169440303675255,18.145326079031502,0.35325571469205314
118.75,22.289066987616252,21.161269027449844,18.13758791233703,0.35457767847103616
119,22.280971515966087,21.153104827369024,18.12985699054176,0.3558984976819101
119.25,22.272884760273573,21.14494769706431,18.122133210432562,0.3572181730925432
119.5,22.264806610808385,21.136797530907995,18.11441648371818,0.3585391519910649
119.75,22.25673696216021,21.128654262419,18.106706727814636,0.35986050513728324
120,22.248675712431982,21.120517885279966,18.09900386199721,0.3611807399928749
120.25,22.240622762550583,21.112388392042043,18.091307812894794,0.36249985758204845
120.5,22.232578017159895,21.10426550955626,18.08361851552924,0.36381996191568
120.75,22.224541384514175,21.09614903265504,18.075935892867587,0.36514059554772704
121,22.216512771919398,21.088038959805672,18.068259848041254,0.36646018774769407
121.25,22.208492082736328,21.079935287320666,18.060590284626024,0.36777873876477096
121.5,22.200479219094102,21.071837999676575,18.052927119383817,0.3690975602247982
121.75,22.192474085521066,21.063747073864572,18.045270281103868,0.37041749646600214
122,22.184476590640468,21.05566250400166,18.03761970742867,0.37173639566701394
122.25,22.176486647596768,21.047584283514905,18.02997534391763,0.3730542587868193
122.5,22.16850417425261,21.039512266318745,18.022337142686684,0.3743724509413799
122.75,22.16052909267712,21.031446258267263,18.014705050599446,0.37569149136342384
123,22.1525613260781,21.02338625703897,18.007078999199106,0.3770095498370232
123.25,22.14460079570784,21.01533225860158,17.999458917511856,0.37832662674153006
123.5,22.136647422154674,21.007284045657233,17.991844742349993,0.37964408034694214
123.75,22.128701127135432,20.999241363234702,17.984236402595787,0.38096220997809455
124,22.120761830645108,20.99120421298853,17.976633806387284,0.3822794338249778
124.25,22.11282944770417,20.983172594246458,17.96903685956307,0.3835957516166119
124.5,22.104903890830183,20.97514635547147,17.961445480205807,0.38491212676654324
124.75,22.0969850734307,20.96712522175532,17.953859586907498,0.3862293920439351
125,22.08907290857091,20.95910919684076,17.946279081953918,0.38754581947972544
125.25,22.081167305668103,20.951098282025598,17.938703865948426,0.38886140845965506
125.5,22.07326817241811,20.94309243139928,17.931133853310133,0.3901764394353018
125.75,22.065375418418437,20.935091283204635,17.923568967031223,0.39149285047646154
126,22.057488955094414,20.927094843114443,17.916009112850332,0.39280848829148135
126.25,22.049608690933667,20.91910311404291,17.908454189977554,0.3941233519475801
126.5,22.041734532312947,20.911116097575167,17.90090411125139,0.3954374409655715
126.75,22.033866387488157,20.903133753251385,17.893358803754968,0.3967524090551922
127,22.026004168777217,20.895156067018345,17.885818203493418,0.3980671987728636
127.25,22.018147792770463,20.88718303888472,17.87828225320883,0.3993812212460311
127.5,22.01029718029413,20.879214668152784,17.870750903361312,0.4006944764732656
127.75,22.002452256680836,20.871250707591884,17.863224110336322,0.40200841499981255
128,21.994612950892613,20.863291067273323,17.855701817922178,0.40332217331741604
128.25,21.986779191234874,20.855335749841327,17.848183956841055,0.40463521895515814
128.5,21.97895090383043,20.84738475656086,17.840670461206916,0.4059475514768399
128.75,21.97112801498657,20.83943770509005,17.833161272747397,0.4072604048071503
129,21.963310451999565,20.831494443042104,17.82565631303312,0.40857312037603
129.25,21.955498137744847,20.823554977198732,17.818155481820966,0.4098852099977377
129.5,21.947690988806762,20.815619312224264,17.810658683046938,0.4111966725520526
129.75,21.93988891961934,20.807687424217892,17.803165835629063,0.4125079557777548
130,21.932091846498352,20.799759252450187,17.79567687019252,0.41381966093097017
130.25,21.924299689050866,20.79183480022441,17.788191722886566,0.41513075152565865
130.5,21.91651236996762,20.78391406983225,17.780710336541386,0.4164412270155558
130.75,21.908729815456145,20.77599686718109,17.773232661698515,0.41775157077724717
131,21.900951955115925,20.768082890449055,17.765758640371473,0.4190620885108191
131.25,21.893178717897005,20.76017214783366,17.758288189278677,0.42037207226485196
131.5,21.885410027406337,20.752264645016297,17.75082121904061,0.42168152068242876
131.75,21.877645803937334,20.74436035864248,17.74335765274025,0.4229905244607221
132,21.869885968670836,20.736459021768102,17.735897423129973,0.424299889197395
132.25,21.8621304445922,20.72856064218863,17.728440452667023,0.4256087653421357
132.5,21.854379153302233,20.720665225545073,17.720986660664785,0.426917151603605
132.75,21.846632015695295,20.71277277639857,17.713535977963254,0.42822504704735564
133,21.8388889549058,20.70488298099325,17.70608834542352,0.4295331158410327
133.25,21.831149896709103,20.696995818569075,17.698643690073695,0.4308408059941837
133.5,21.823414765120408,20.689111295744066,17.691201930172717,0.4321480597452053
133.75,21.815683482191623,20.681229417868746,17.683762993510275,0.43345487599719673
134,21.807955971210102,20.673349936330364,17.67632681859555,0.43476159511255735
134.25,21.80023215787807,20.665472766575903,17.668893335098794,0.43606804176016517
134.5,21.792511966956862,20.657597916137426,17.66146246268787,0.43737410510560554
134.75,21.784795321197958,20.64972539103865,17.654034127148087,0.43867978390003465
135,21.77708214396067,20.641855005216645,17.646608265206666,0.43998518736955616
135.25,21.769372360897474,20.6339866053585,17.639184809357896,0.44129032885974817
135.5,21.76166589750857,20.62612019991576,17.631763680276023,0.4425951410187112
135.75,21.75396267710413,20.618255795562185,17.624344801070972,0.44389962244493136
136,21.74626262285612,20.610393229023032,17.616928105841964,0.4452037409022774
136.25,21.738565659891332,20.602532322093527,17.609513526472075,0.44650752035574653
136.5,21.730871713360944,20.59467308381875,17.602100982675584,0.4478110246109138
136.75,21.723180706142934,20.586815521353902,17.59469039552978,0.44911425216791395
137,21.71549256073644,20.57895958555215,17.587281697964993,0.45041715131125504
137.25,21.70780720195277,20.57110497135078,17.579874828745247,0.45171949611995277
137.5,21.700124556329808,20.56325168892674,17.57246971070518,0.4530216218357956
137.75,21.692444547886467,20.555399746087375,17.565066260943947,0.45432352677166626
138,21.68476709890191,20.547549149491665,17.557664408323348,0.4556252096332748
138.25,21.677092133382747,20.539699582579882,17.55026409231815,0.4569260919649669
138.5,21.669419577776544,20.53185103819988,17.542865238828938,0.45822677270151146
138.75,21.661749356706625,20.524003524411224,17.535467766054637,0.4595272840035631
139,21.654081393017464,20.516157048054424,17.528071602633837,0.4608276245356436
139.25,21.64641561103488,20.508311346788012,17.520676687996897,0.4621272480658021
139.5,21.63875193759076,20.500466263600813,17.51328295118945,0.4634264051882828
139.75,21.63109029806165,20.492621808359058,17.505890305057747,0.4647254599640154
140,21.623430614125734,20.48477798898899,17.498498665332455,0.4660244107592665
140.25,21.61577280655356,20.476934658540966,17.491107960198597,0.4673226308990819
140.5,21.60811679791816,20.469091693404486,17.483718118310104,0.4686202336907971
140.75,21.60046251139663,20.461249102363396,17.47632906183063,0.46991777604526747
141,21.592809869410974,20.45340689260858,17.46894071730932,0.47121525650929164
141.25,21.585158795366272,20.445564996675763,17.4615530225632,0.4725123804606938
141.5,21.57750921559311,20.437723131953437,17.454165919090702,0.47380830153653125
141.75,21.569861058138724,20.429881308333552,17.446779332458807,0.4751042174546451
142,21.562214248662634,20.422039533459138,17.439393183118543,0.4764001265803299
142.25,21.554568711297954,20.414197813874043,17.432007402830173,0.4776960276505288
142.5,21.546924371963396,20.40635577232706,17.424621933060518,0.47899042149180043
142.75,21.539281158719252,20.398513360896963,17.417236696514642,0.48028463952475536
143,21.53163899635162,20.39067058839512,17.409851601961506,0.4815789186016864
143.25,21.5239978057897,20.382827462083597,17.40246656720791,0.4828732572684016
143.5,21.51635750801842,20.374983786634424,17.395081522788722,0.48416632484046346
143.75,21.5087180262324,20.367139466275873,17.387696395866787,0.48545879648337714
144,21.501079283648487,20.359294509097616,17.38031110647235,0.4867513743937018
144.25,21.49344120240718,20.351448921678124,17.3729255805275,0.488044057238431
144.5,21.485803705704438,20.34360252323115,17.365539754806008,0.48933609377130005
144.75,21.478166719262454,20.335754934111137,17.358153560819943,0.49062670681872145
145,21.470530167932314,20.327906165615136,17.35076690165887,0.49191751571372494
145.25,21.46289397010964,20.320056226025052,17.343379672258063,0.49320851859811665
145.5,21.455258039813266,20.31220510365569,17.335991782322605,0.4944990710024732
145.75,21.447622291726262,20.304352748227576,17.32860315573385,0.4957878634807463
146,21.439986643644485,20.2964991656789,17.32121372453621,0.4970768583704414
146.25,21.432351016816824,20.288644360931055,17.313823429022154,0.4983660546967818
146.5,21.424715336470275,20.280788338206246,17.30643221912952,0.499655451651901
146.75,21.417079532398898,20.272930406331554,17.299040049012696,0.5009427603241705
147,21.409443536274676,20.265070393639938,17.291646827067023,0.5022297759467573
147.25,21.40180727005594,20.257208310734743,17.28425242153768,0.5035171323770694
147.5,21.394170643234812,20.24934416543913,17.27685670611909,0.5048048278784324
147.75,21.38653355993318,20.241477969811136,17.269459574921928,0.5060901596040941
148,21.378895925314506,20.233609729944288,17.26206094138941,0.5073753358658736
148.25,21.371257648895078,20.225739449984285,17.254660734667567,0.5086608461146747
148.5,21.363618645803708,20.217867133340185,17.247258896138266,0.5099466896731744
148.75,21.35597883700251,20.209992574971583,17.23985537563879,0.5112310332968404
149,21.348338148238234,20.202115591554726,17.232450114286276,0.5125140839485898
149.25,21.340696505727717,20.194236188824355,17.22504303598039,0.5137975297284972
149.5,21.33305383297341,20.1863543706388,17.217634063893314,0.5150813697021659
149.75,21.32541005264928,20.178470058927665,17.210223131721314,0.5163648113406479
150,21.31776508929018,20.17058294975352,17.202810176284974,0.5176456571219227
150.25,21.310118868406324,20.162693049083668,17.195395116977757,0.5189269573650234
150.5,21.302471312366936,20.15480036049988,17.187977867407294,0.5202087111005316
150.75,21.294822341451926,20.146904886427983,17.18055835284956,0.5214909177465705
151,21.287171877422423,20.139005784054977,17.1731365060066,0.5227698965328534
151.25,21.279519842151533,20.13110296919981,17.165712206851875,0.5240490477098123
151.5,21.27186614504316,20.12319644896402,17.158285297628527,0.525328800072286
151.75,21.264210682117046,20.11528622774049,17.150855634174697,0.5266091524702774
152,21.256553344773383,20.10737245434404,17.143423096973862,0.5278858115408954
152.25,21.24889402690494,20.099455132230656,17.135987598240625,0.5291629345381414
152.5,21.24123263025048,20.091534260894928,17.128549074053115,0.5304406302265403
152.75,21.23356906552124,20.08360983930957,17.121107472143176,0.5317188986876543
153,21.22590325105846,20.07568132431835,17.113662744789536,0.5329945395155257
153.25,21.21823510936689,20.06774846515889,17.106214808760647,0.53426933371131
153.5,21.210564556870434,20.059811265699153,17.09876354188549,0.5355448263885203
153.75,21.202891499609606,20.051869726901824,17.091308821512676,0.5368210169252422
154,21.195215838537305,20.043923854757644,17.083850542755506,0.5380946689052597
154.25,21.187537475504712,20.035973651092196,17.076388618538818,0.5393672415001598
154.5,21.17985631651856,20.02801911321889,17.068922976545995,0.5406405078106344
154.75,21.172172273031183,20.020060237735063,17.061453555901355,0.5419144682669551
155,21.164485262160927,20.012096793327665,17.053980303313537,0.5431871607859213
155.25,21.156795205541357,20.004128389144075,17.04650315354567,0.5444572311582202
155.5,21.149102023889498,19.996155025814637,17.03902200791568,0.545728092553156
155.75,21.1414056307488,19.988176700894716,17.031536757527785,0.5469997448701968
156,21.13370593466101,19.980193371868374,17.024047306875506,0.5482709050517006
156.25,21.12600284425846,19.972204903566222,17.016553571762994,0.5495385271886984
156.5,21.118296270190207,19.96421129186944,17.00905546899757,0.5508069653586775
156.75,21.11058612438782,19.956212531151756,17.001552919849043,0.5520762202156391
157,21.102872320867945,19.948208614881988,16.994045856094928,0.5533462926529429
157.25,21.095154777250503,19.94019864515263,16.986534213988033,0.5546114183706851
157.5,21.087433411877143,19.932182599258333,16.979017871819767,0.5558773435343158
157.75,21.079708130183477,19.92416047354039,16.971496671359926,0.5571442289974677
158,21.071978824575393,19.91613226192848,16.96397047017783,0.5584120753383762
158.25,21.06424538347006,19.908098087751043,16.95643914900352,0.5596747818684018
158.5,21.05650769784684,19.900057943437943,16.948902617413665,0.5609383016684855
158.75,21.048765666010684,19.89201181845845,16.941360806605378,0.5622027603808268
159,21.041019194558235,19.883959701723622,16.93381365842857,0.563468159661575
159.25,21.03326819715155,19.875901085099514,16.92626111895099,0.5647296078995537
159.5,21.025512591359654,19.867835795714097,16.918703102209275,0.5659904432868925
159.75,21.017752289566438,19.8597638249097,16.91113949161019,0.567252322681408
160,21.009987196056024,19.85168516163992,16.903570173146182,0.5685152474376626
160.25,21.00221721178895,19.84359973135055,16.89599504762952,0.569774735045825
160.5,20.994442238862405,19.83550748880887,16.888414025442753,0.5710329438033963
160.75,20.986662181819867,19.827408420311617,16.8808270234153,0.5722922126449967
161,20.978876948083755,19.81930251112037,16.873233967061246,0.5735525437030493
161.25,20.97108644877483,19.81118928056454,16.86563478832487,0.574810697219274
161.5,20.963290597403624,19.80306816065989,16.858029389308737,0.5760661182106758
161.75,20.955489300602725,19.794939141810374,16.850417615854948,0.5773227599801697
162,20.947682449645857,19.786802209743794,16.842799299190162,0.5785806240126237
162.25,20.939869925251035,19.778657494688296,16.835174291965703,0.5798358969096498
162.5,20.932051606814525,19.770505115322393,16.82754248073088,0.5810887865457443
162.75,20.92422738019468,19.762345050480707,16.81990378743523,0.5823428551715283
163,20.916397141898383,19.754177279046548,16.81225815322584,0.583598106042841
163.25,20.9085607981836,19.74600165539931,16.804605525542716,0.5848518894045067
163.5,20.900718262139716,19.73781792296271,16.796945845456577,0.5861018496037602
163.75,20.892869449151796,19.729626061906327,16.78927903417486,0.5873530495450088
164,20.885014272322735,19.72142605032829,16.781605006310166,0.5886054922600978
164.25,20.87715264319487,19.71321772916842,16.773923683452896,0.5898576546957119
164.5,20.869284473992153,19.705000500968787,16.766234982474593,0.5911046536199798
164.75,20.8614096748262,19.696774346835777,16.758538778883782,0.5923530056917167
165,20.8535281455673,19.68853924362547,16.750834929206057,0.5936027137812191
165.25,20.84563977758752,19.68029517131095,16.743123304758903,0.5948523232155013
165.5,20.837744460529613,19.67204212691191,16.735403794775124,0.596096523832267
165.75,20.829842086591007,19.66378008260146,16.727676305003087,0.5973420785217118
166,20.82193255266817,19.655509009745643,16.719940753830237,0.5985889914834895
166.25,20.814015760877442,19.647228859556602,16.712197068367793,0.599836763661365
166.5,20.806091618215092,19.638939293917588,16.70444517932014,0.6010779201196472
166.75,20.79816003461834,19.630640284790697,16.69668499928027,0.6023204879106077
167,20.79022091786898,19.622331801685167,16.688916431252537,0.6035644712369991
167.25,20.78227417354623,19.614013812873086,16.68113938614245,0.6048098746692468
167.5,20.774319707976545,19.605685589390756,16.673353780068094,0.606048307712676
167.75,20.766357427232542,19.597347074501155,16.665559485576193,0.6072879153302129
168,20.758387227096215,19.58899823591475,16.6577563471356,0.6085290547638538
168.25,20.75040899303413,19.580639038869307,16.649944221707397,0.6097717289224528
168.5,20.742422607259357,19.57226869705508,16.64212297982512,0.6110069565478521
168.75,20.73442795046608,19.56388717883017,16.63429245226252,0.612243831021173
169,20.72642489254686,19.555494446987467,16.62645244737409,0.6134823570180973
169.25,20.71841329364389,19.547090641729493,16.6186027937634,0.614720886836354
169.5,20.71039301274375,19.538676546944387,16.610743360459416,0.6159534782053148
169.75,20.702363918661867,19.53025211250182,16.602874104216777,0.6171875787456502
170,20.694325904726355,19.521817292278744,16.594995032647144,0.6184231958100072
170.25,20.686278887305594,19.51337200628281,16.587106151067623,0.6196601317285645
170.5,20.67822279590732,19.504914634319466,16.57920744336157,0.6208893575319056
170.75,20.670157559837662,19.496445143550474,16.571298767586544,0.6221203424684494
171,20.66208308088349,19.48796349144808,16.56337990267356,0.6233530913178569
171.25,20.653999232632614,19.47946979884105,16.55545064380431,0.6245852926400578
171.5,20.645905876799883,19.470964546992672,16.547510828693444,0.6258118979386207
171.75,20.637802878231867,19.462447681139633,16.53956036518077,0.6270401725496176
172,20.629690117828694,19.453919148489536,16.531599202216167,0.6282701243816203
172.25,20.621567492637332,19.445378843929813,16.52362729323815,0.6294993572087223
172.5,20.61343490969364,19.436826551856807,16.51564458542243,0.6307228279445168
172.75,20.605292280477265,19.428262219969934,16.507651009794348,0.6319480159928021
173,20.59713951627263,19.41968579434752,16.499646489119293,0.6331749288460787
173.25,20.588976527610836,19.41109688847029,16.49163094626056,0.6344008656435923
173.5,20.580803224282228,19.402494547179597,16.48360427777448,0.6356212463275692
173.75,20.572619507502676,19.393878720609912,16.475566301606705,0.6368435360229275
174,20.564425256607915,19.385249351890657,16.467516800348875,0.6380677418149615
174.25,20.556220332807868,19.376606856765868,16.4594555786769,0.6392882462938065
174.5,20.548004592491402,19.36795156006014,16.451382502559266,0.6405060073384327
174.75,20.53977790301987,19.359283394483004,16.443297508726346,0.6417255721754075
175,20.531540151688905,19.350602294588302,16.43520056203183,0.642946950286218
175.25,20.52329124193662,19.341908102192505,16.427091625360003,0.6441636968877371
175.5,20.51503108607455,19.33320069557074,16.41897064905347,0.6453783466832034
175.75,20.506759599388882,19.324480009143965,16.410837570248432,0.6465948426141288
176,20.498476697133366,19.31574597625768,16.40269232087017,0.6478131938424414
176.25,20.490182294390227,19.306998058553457,16.39453482968174,0.6490258750689847
176.5,20.481876304795755,19.298236003294523,16.38636499024266,0.6502374915690211
176.75,20.473558632980538,19.289459743020473,16.378182660953847,0.6514510661687033
177,20.465229171979153,19.280669207272847,16.36998769754609,0.652666608211528
177.25,20.456887808076555,19.271864229639394,16.361779966621917,0.6538740316346711
177.5,20.448534425417765,19.263044731682484,16.353559339151712,0.6550828806588206
177.75,20.44016890721739,19.25421063828062,16.34532569045301,0.6562937232006794
178,20.431791136835088,19.24536185867112,16.337078903741293,0.6575043914480891
178.25,20.423400999041885,19.236498258991187,16.3288188682098,0.6587084828120485
178.5,20.41499838027676,19.227619760464968,16.3205454741768,0.6599145908065048
178.75,20.406583167999845,19.218726282771605,16.31225861412425,0.661122726150826
179,20.39815525081258,19.209818008348158,16.30395818657607,0.6623276838751669
179.25,20.38971452003977,19.200895139682462,16.295644115047086,0.6635289987639145
179.5,20.38126087511866,19.19195759094394,16.287316359393067,0.6647322817420662
179.75,20.37279422786923,19.18300527766231,16.278974891975057,0.6659375443842042
180,20.36431449959366,19.174037723004254,16.270619676241264,0.6671374773536919
180.25,20.355821614654936,19.165054650067816,16.2622506375604,0.6683358352717345
180.5,20.347315490820087,19.15605597486707,16.25386766199135,0.6695362669381377
180.75,20.338796034996978,19.14704161064939,16.2454706257539,0.6707387835761622
181,20.33026314666203,19.13801267314563,16.237059417371146,0.6719324677573688
181.25,20.321716727007647,19.128969071949022,16.228634019576877,0.6731280133380639
181.5,20.31315669965114,19.119910715544986,16.220194476338595,0.6743255005772519
181.75,20.304583011478158,19.11083737920212,16.211740820495844,0.6755236161647915
182,20.295995620274255,19.101747982234443,16.20327304927722,0.6767140003903751
182.25,20.28739448072061,19.092642442343436,16.19479106392761,0.677906491703551
182.5,20.278779525504998,19.083520670370095,16.186294707571427,0.6791011009015445
182.75,20.270150665292732,19.074382936628627,16.177783828848067,0.6802924134909087
183,20.261507800487884,19.06522952244533,16.16925831698924,0.6814801770794755
183.25,20.25285083507164,19.056060329695246,16.160718115900387,0.6826699788821537
183.5,20.244179685564173,19.046875262098634,16.152163190620726,0.6838618316536647
183.75,20.235494278725337,19.0376738435467,16.143593498692493,0.6850471695365635
184,20.22679454440117,19.0284558694695,16.135008960973824,0.6862321324116565
184.25,20.218080405870896,19.019221243466596,16.126409465466093,0.6874192273148387
184.5,20.209351776625333,19.00997014166321,16.117794895270812,0.688606341120677
184.75,20.200608564647688,19.000703620658065,16.109165163816826,0.6897866475464303
185,20.19185068456375,18.991421570764484,16.10052028559014,0.6909689212387106
185.25,20.183078076923955,18.98212388940923,16.09186032832772,0.6921531761919473
185.5,20.17429070592316,18.972810044124103,16.08318534046244,0.6933348374348033
185.75,20.165488544470215,18.96347933063038,16.07449531087101,0.6945121244458834
186,20.15667155680338,18.954131653945975,16.065790143367003,0.6956915436292586
186.25,20.147839685429126,18.944766914002376,16.05706970213956,0.6968731069908382
186.5,20.13899285400455,18.935385810379305,16.04833385799576,0.6980471889587802
186.75,20.130130978964726,18.925988344329014,16.03958254814994,0.699221995376674
187,20.121253987372747,18.91657440936407,16.030815761164558,0.7003988508801856
187.25,20.112361820982468,18.907143979501498,16.022033486335594,0.7015749649192619
187.5,20.10345442965327,18.89769717864268,16.01323570707101,0.7027450473198728
187.75,20.094531767581227,18.888233899977386,16.004422414540304,0.7039171609549943
188,20.08559379369652,18.87875403806975,15.99559359916825,0.7050913190771265
188.25,20.076640469487895,18.869258120705663,15.986749242428926,0.7062604188160819
188.5,20.067671758215674,18.859746367312034,15.977889361194816,0.707427808002263
188.75,20.05868763389869,18.850218669139416,15.969014014964365,0.7085971440050526
189,20.0496880853269,18.840674920811058,15.960123262326809,0.7097684401936626
189.25,20.040673109336307,18.831114109062405,15.951217133820608,0.7109312548855781
189.5,20.031642699702367,18.821536115802388,15.94229557188615,0.7120959029973696
189.75,20.02259682932583,18.81194083849553,15.933358457541672,0.7132626440710658
190,20.013535448501983,18.8023287458382,15.924405670387234,0.7144259179189352
190.25,20.004458495863506,18.792700244256924,15.915437140011614,0.7155862250607362
190.5,19.99536591530065,18.78305522142258,15.906452864989646,0.7167485129774134
190.75,19.98625766681006,18.773393568795345,15.897452864570331,0.7179127952285828
191,19.977133722107517,18.763714236597064,15.888437138203694,0.7190687013985866
191.25,19.967994052631703,18.75401711934012,15.879405599916305,0.7202266629293089
191.5,19.95883861049999,18.744302110390297,15.870358105593498,0.7213867521288964
191.75,19.949667326567933,18.734570842513236,15.861294520357108,0.722541889862456
192,19.940480126060326,18.724823979842434,15.852214847957784,0.7236957608739343
192.25,19.931276963989085,18.715061401456968,15.843119236192448,0.7248514810155212
192.5,19.922057839596217,18.705282982951424,15.834007853512416,0.7260080929009934
192.75,19.912822780018196,18.69548850123706,15.824880828681623,0.7271574312044574
193,19.90357182091328,18.685677850574052,15.815738241831033,0.7283086575495471
193.25,19.894304994379574,18.675850925689264,15.806580135283184,0.729461784364738
193.5,19.885022324454162,18.666007102619712,15.797406523908759,0.7306106073736947
193.75,19.875723824488325,18.65614596897958,15.788217364841243,0.731757681213461
194,19.86640948845078,18.64626742373951,15.779012554204968,0.7329067722067787
194.25,19.857079286946476,18.636372337247252,15.769791973678013,0.7340542118853353
194.5,19.847733177017346,18.62646220887529,15.760555588155338,0.7351975029665494
194.75,19.83837113029952,18.616536914563625,15.751303529389888,0.7363425320059842
195,19.828993161142584,18.606596343256346,15.74203599566857,0.7374893133376916
195.25,19.81959931844905,18.596640354078716,15.732753150573346,0.7386297902723553
195.5,19.810189663968437,18.586668837458348,15.723455111380103,0.7397705579971872
195.75,19.800764258623175,18.57668169183352,15.714141956470987,0.7409131048727603
196,19.79132315640368,18.566679349684215,15.704813737956293,0.7420534103169244
196.25,19.78186640449748,18.556662409303982,15.695470527643844,0.7431901495295199
196.5,19.77239405372163,18.546630763180904,15.686112454099412,0.7443285477916939
196.75,19.762906169165422,18.536584310741315,15.676739656714789,0.7454686173218863
197,19.753402825162663,18.526524057063384,15.667352250616338,0.7466018292457514
197.25,19.74388409969873,18.516449968851486,15.657950399018029,0.7477360250044439
197.5,19.7343500855146,18.50636194726034,15.648534294210489,0.7488717804722901
197.75,19.724800888490755,18.49625924378312,15.639104093393442,0.7500059060973704
198,19.715236613249036,18.48614060816932,15.629659861018705,0.7511359994746084
198.25,19.7056573408421,18.47600596508755,15.62020151471409,0.7522678750284759
198.5,19.696063108022866,18.465855494313296,15.610728901736001,0.7533998411985662
198.75,19.686453914162353,18.455690189356265,15.601241899329706,0.7545266242050113
199,19.676829745512258,18.445509948879096,15.591740489510268,0.7556550539237558
199.25,19.66719060152391,18.435314678920438,15.58222471287085,0.7567851416040527
199.5,19.657536497084944,18.425106092948386,15.572694611699038,0.7579089040700374
199.75,19.647867459616464,18.41488417541427,15.563150340867649,0.7590337128521331
200,19.63818354975573,18.40464882843347,15.553592128210251,0.7601599905407093
200.25,19.628484859083482,18.39439969118963,15.54402016951667,0.7612834771145144
200.5,19.618771489707694,18.384136431921505,15.534434594187447,0.762404574035945
200.75,19.60904353615926,18.373858968885802,15.524835462418789,0.7635272156881734
201,19.599301075663362,18.363567940056672,15.515222799119869,0.7646489873164557
201.25,19.589544171477165,18.35326489877993,15.505596673333883,0.7657667257199197
201.5,19.57977289385681,18.342949739676687,15.49595729362675,0.7668857688300595
201.75,19.569987347064625,18.332622372192926,15.486304925232712,0.7680061280923813
202,19.560187663250044,18.322282822974415,15.476639792799242,0.7691215707611396
202.25,19.550373982750287,18.311931035924033,15.46696208003143,0.7702368745995393
202.5,19.540546443600636,18.301566932343547,15.457271936385101,0.7713534985052427
202.75,19.53070517644453,18.291190709416757,15.447569479731314,0.7724682618702052
203,19.520850302573663,18.28080265656911,15.4378548208601,0.7735800570852805
203.25,19.51098193817035,18.27040269513191,15.428128085711498,0.7746931198569121
203.5,19.501100199581053,18.259990727195813,15.41838939420213,0.7758070438718788
203.75,19.491205200799705,18.24956628387618,15.40863883693622,0.776915439489575
204,19.48129704674278,18.239129301308395,15.398876450649231,0.7780251631617296
204.25,19.471375824814032,18.228679713943436,15.38910223429381,0.7791362216869867
204.5,19.46144160455654,18.218218029298356,15.37931617903571,0.780242374603987
204.75,19.451494444197554,18.20774424413328,15.36951831199448,0.781349050239036
205,19.441534402646734,18.197258289267147,15.359708686744202,0.7824570059117755
205.25,19.43156154227439,18.186761343558125,15.349887356156918,0.7835612399087459
205.5,19.421575929270098,18.17625376738415,15.340054449597856,0.784664853869086
205.75,19.41157765032223,18.165735482344903,15.330210170495194,0.7857695854811556
206,19.40156681714182,18.155206451001394,15.32035471566018,0.7868727789182473
206.25,19.391543553460995,18.144666655149503,15.310488246114291,0.7879731887071952
206.5,19.381507983180803,18.134116030152956,15.300610891671822,0.7890747235161009
206.75,19.371460224617348,18.123554614537934,15.290722755044353,0.7901762520016637
207,19.361400387976524,18.11298281077144,15.280823924006699,0.7912736662261098
207.25,19.351328577292865,18.102400552832048,15.270914503709575,0.7923721598612715
207.5,19.341244897046494,18.091807779936065,15.260994602426544,0.7934717397672956
207.75,19.33114945135874,18.08120581509513,15.251064315229414,0.7945664525275973
208,19.321042344719242,18.070594635174334,15.241123814850472,0.795661880811844
208.25,19.31092370006187,18.059974174187904,15.231173322036533,0.7967582612270661
208.5,19.30079365811308,18.049344147582307,15.221213026925547,0.7978521879367899
208.75,19.29065236256453,18.038704330625702,15.211243063736807,0.798944495462295
209,19.280499946809368,18.028054673699724,15.201263511164367,0.8000378090129474
209.25,19.270336527331388,18.017395114423234,15.191274416196812,0.8011299651848284
209.5,19.260162204577526,18.006725582392306,15.181275809748643,0.8022194484907939
209.75,19.249977065758983,17.99604603033879,15.17126771017639,0.8033099510836916
210,19.23978118680205,17.98535665935155,15.161250127984944,0.8043998976514444
210.25,19.22957463497066,17.974658069603766,15.151223088502151,0.8054867099485644
210.5,19.21935747646695,17.96395020334758,15.141186669181744,0.8065744595377228
210.75,19.209129786985343,17.953233088767206,15.131140969303724,0.8076626048779618
211,19.1988916500456,17.942507409400513,15.121086081102119,0.8087466495313447
211.25,19.18864315350997,17.9317731059671,15.111022132779794,0.8098315605196675
211.5,19.178384395923477,17.921030126804006,15.10094926756101,0.81091734383919
211.75,19.168115483505453,17.910277945291103,15.09086760166869,0.8119994330771977
212,19.157836519809063,17.89951642861934,15.080777190373912,0.8130815447584325
212.25,19.14754759324193,17.8887455383449,15.070678038929561,0.8141645959405899
212.5,19.13724877382176,17.877966119274245,15.060570141827375,0.8152444644589224
212.75,19.126940120977753,17.867178387909966,15.050453554415697,0.8163239292123889
213,19.116621701982982,17.856382293378292,15.040328389046621,0.8174042263695247
213.25,19.10629359813929,17.845577440542403,15.0301947554841,0.8184825970781305
213.5,19.09595589582502,17.834763469180732,15.020052714840876,0.8195592927461217
213.75,19.08560867237652,17.82394034654194,15.009902268461534,0.8206368970685256
214,19.07525198749209,17.813108320454162,14.999743391940871,0.8217129537474386
214.25,19.064885886449336,17.80226767390011,14.989576079724909,0.8227870916251626
214.5,19.0545104107395,17.791418363546185,14.979400362618092,0.8238620843355168
214.75,19.04412560611151,17.780560520077135,14.969216283982911,0.8249362091019613
215,19.033731522108447,17.769694449272478,14.959023892154887,0.826007671434652
215.25,19.023328211876184,17.758820106475767,14.948823257018743,0.8270799456486546
215.5,19.01291573485128,17.74793745607528,14.938614452712343,0.8281524697994846
215.75,19.002494153961717,17.73704649948184,14.928397538936384,0.8292211564100742
216,18.992063531014324,17.7261471989103,14.918172563060663,0.830290658696705
216.25,18.981623924572208,17.715239518010183,14.9079395614585,0.8313609803699138
216.5,18.971175388805314,17.704323020533444,14.89769855740805,0.8324274448054662
216.75,18.960717971228814,17.69339763162827,14.887449536289989,0.8334942207227288
217,18.95025170641905,17.682463321839304,14.877192454829302,0.8345618655232341
217.25,18.93977661562198,17.671519975116976,14.86692726613023,0.8356262720204725
217.5,18.929292710739198,17.660567537897926,14.856653920335892,0.8366904029064263
217.75,18.918799996387452,17.649605980174886,14.846372365326008,0.8377554177521572
218,18.908298471464388,17.638635477745662,14.836082552606847,0.8388177304854026
218.25,18.89778813180984,17.62765609595947,14.825784452623914,0.8398791770095333
218.5,18.88726897498767,17.616667800005107,14.81547805520472,0.8409414826522551
218.75,18.87674100240241,17.60567022854646,14.805163352519486,0.8420020324997771
219,18.866204216266144,17.594663005429425,14.794840307996232,0.8430606979151068
219.25,18.85565861122071,17.583646106842956,14.784508841683698,0.8441202924334643
219.5,18.84510416812686,17.572619397085507,14.774168858241712,0.845178647371262
219.75,18.834540856568616,17.5615826828484,14.76382026162229,0.8462346195100254
220,18.82396863808747,17.55053593776033,14.7534629489431,0.847291549727129
220.25,18.81338746706535,17.539479020765587,14.743096818720693,0.8483476801314751
220.5,18.80279729299856,17.528411657166654,14.732721770558399,0.849400926002601
220.75,18.79219806092087,17.51733382082932,14.722337691388166,0.8504551669831895
221,18.781589709480567,17.50624537955837,14.711944465892543,0.8515090192365624
221.25,18.77097217247017,17.4951459785502,14.701541981043409,0.8525595023799754
221.5,18.760345379468994,17.484035591788526,14.691130107539946,0.8536110238135246
221.75,18.749709253050685,17.472914199204457,14.680708712240081,0.8546625385418471
222,18.739063710822155,17.461781815444915,14.67027767638358,0.8557102132469079
222.25,18.728408669949097,17.45063840587901,14.65983689873188,0.856758923359759
222.5,18.717744050292854,17.439483917586728,14.649386291215224,0.857808473921254
222.75,18.70706977523462,17.428317791990697,14.638925769812888,0.8588531516048171
223,18.69638576913316,17.417140000721385,14.62845521880457,0.8598989191843223
223.25,18.685691949241114,17.405950510087465,14.61797450430595,0.8609457793167281
223.5,18.674988225719545,17.394748222410545,14.60748349716103,0.8619880536793889
223.75,18.664274502509407,17.383532996301295,14.596982005624769,0.8630308748197059
224,18.65355066436587,17.372304802707454,14.586469793313883,0.8640749003988969
224.25,18.642816576839973,17.361062495556542,14.575946634150945,0.8651144737317407
224.5,18.6320720930094,17.349805877713933,14.565412250853694,0.8661544577994582
224.75,18.62131704450966,17.33853491902494,14.554866328981241,0.8671957656960984
225,18.61055124324138,17.327249478295943,14.54430857907209,0.8682320835054483
225.25,18.599774493608603,17.315949507113423,14.533738742997725,0.8692692458267145
225.5,18.588986600313923,17.304634960731672,14.523156590975628,0.8703077435356954
225.75,18.578187372676958,17.293304422231014,14.512561913265928,0.8713411007047939
226,18.56737662191593,17.281957735260956,14.501954425908188,0.8723753239794814
226.25,18.55655414147229,17.27059485369017,14.49133379378883,0.8734109938592044
226.5,18.54571970563819,17.25921484030204,14.480699702536025,0.8744408063438277
226.75,18.534873079275695,17.247817652477806,14.470051814076514,0.8754721714768066
227,18.52401401430211,17.236403362692965,14.459389785412098,0.8765042982415835
227.25,18.513142254986416,17.224973010194393,14.448713326626512,0.8775310961279527
227.5,18.502257554507946,17.213526512917454,14.438022269568624,0.878559338971548
227.75,18.49135969712987,17.202063795008993,14.427316525177037,0.879589034154677
228,18.480448498850674,17.19058248798073,14.416596001181043,0.8806125598524136
228.25,18.46952378719145,17.179082437609647,14.40586044049168,0.8816373775350229
228.5,18.458585359095547,17.16756358097085,14.395109473248755,0.882663868242237
228.75,18.447632975759593,17.15602479592182,14.384342744138362,0.8836837572299912
229,18.43666637897786,17.144466010489143,14.373559866207385,0.8847053509045577
229.25,18.425685290283905,17.132887054246392,14.36276044197838,0.8857283139028407
229.5,18.414689417696838,17.121285930320727,14.351944098586563,0.8867447597582174
229.75,18.40367845995295,17.109662571890233,14.341110367036542,0.8877631515790982
230,18.39265208591387,17.098017025298322,14.330258729857904,0.8887816715655572
230.25,18.381609939633677,17.08634973034206,14.31938873395379,0.8897948771036316
230.5,18.370551664669655,17.07466057262401,14.308500028790853,0.8908099748296792
230.75,18.35947692435013,17.06294860137377,14.297592330167884,0.8918250817793728
231,18.348385402241103,17.051210346067393,14.286665305945018,0.8928345899182273
231.25,18.337276772208906,17.03944572512082,14.275718368478458,0.8938463635995789
231.5,18.32615064530152,17.027655508157352,14.264750808619823,0.8948557508461581
231.75,18.315006579717792,17.01584055114221,14.253762050272446,0.8958621135279157
232,18.303844134295097,17.004000695447083,14.242751710179869,0.8968705879150662
232.25,18.292662905806232,16.992135162076337,14.231719505603586,0.8978759741231975
232.5,18.281462527906044,16.980243188237534,14.220665134345696,0.898878454287505
232.75,18.270242647920295,16.96832461975355,14.209588235386427,0.8998831683206102
233,18.259002909615372,16.956378563203813,14.198488431874935,0.9008841252872573
233.25,18.247742951775304,16.94440427734327,14.187365317679115,0.901882664086491
233.5,18.236462402404133,16.932401590279966,14.176218439992583,0.9028835624980368
233.75,18.22516087426942,16.920366132421606,14.165047326677282,0.9038797642652512
234,18.21383795707097,16.908295299230204,14.153851234699097,0.9048745764042176
234.25,18.202493156769393,16.896189211796592,14.142629098046054,0.9058716350185411
234.5,18.191125867101952,16.884052598739892,14.131379863585984,0.9068606457546309
234.75,18.179735436151308,16.871885169094842,14.120102961211892,0.9078521502913913
235,18.16832128943446,16.85968603172626,14.10879815849062,0.9088450663559036
235.25,18.156882951197645,16.847448630716585,14.09746518365505,0.909829575857062
235.5,18.145419972832734,16.83517275295969,14.086103282025633,0.9108171733567457
235.75,18.13393181239948,16.822859521645398,14.074711414655303,0.9118019146922589
236,18.12241783214647,16.8105101881873,14.063288714895439,0.9127830353205201
236.25,18.11087738220532,16.798124419542408,14.051834597202049,0.9137670325745108
236.5,18.099309861061446,16.785699002894457,14.040348608012563,0.9147456365721922
236.75,18.087714708304794,16.773231952160046,14.028830115185661,0.9157226067696917
237,18.076091339036786,16.76072292443714,14.017278249838347,0.9167028505203305
237.25,18.064439107606447,16.74817321019786,14.005692112596337,0.9176730912918365
237.5,18.052757334928454,16.7355824337447,13.994070990841491,0.9186462356796408
237.75,18.041045363069358,16.722949245767776,13.98241431671864,0.9196198733197689
238,18.029302568471604,16.710269229357895,13.970721477591463,0.9205854293162797
238.25,18.017528323775633,16.69754196846897,13.958991556475326,0.9215545644152572
238.5,18.005721930789655,16.68476820374186,13.947223483052007,0.9225187953261657
238.75,17.99388262897187,16.671948298187477,13.935416339609752,0.9234805113768205
239,17.98200965694673,16.6590817348753,13.92356940847303,0.924445701295605
239.25,17.970102290381455,16.646161591632474,13.911682033814957,0.9254016303579006
239.5,17.958159817206106,16.633186188458073,13.899753133974981,0.9263592513022124
239.75,17.946181428349146,16.620156670821913,13.887781277840201,0.9273152051302881
240,17.934166199352127,16.607075386112733,13.875765187321944,0.9282653343339223
240.25,17.922113182490513,16.593941659086596,13.86370398964942,0.9292192384591798
240.5,17.910021497737194,16.580752332080255,13.851597025063377,0.9301658846171973
240.75,17.89789033081464,16.567505591832905,13.839443482533522,0.931111531278636
241,17.885718863512217,16.55420028237936,13.82724234926742,0.9320594286970184
241.25,17.87350623446109,16.540832153410083,13.814992523192222,0.9329967804283856
241.5,17.8612515312436,16.527400408760997,13.802692679762448,0.9339385577600773
241.75,17.84895375948842,16.513904813115246,13.790341385131034,0.9348738762762551
242,17.83661185979217,16.50034481991527,13.777937320526318,0.9358074643033303
242.25,17.824224757297902,16.486718651885234,13.765479297676416,0.936743364503296
242.5,17.81179138690796,16.473019185216398,13.75296611127401,0.9376683457518742
242.75,17.799310661803627,16.459245387141358,13.740396126749365,0.9385983027108858
243,17.786781380477066,16.44540352468217,13.727767497231202,0.939519156368309
243.25,17.774202257786424,16.431494538901973,13.715078973875931,0.9404405687346005
243.5,17.76157209819618,16.417515547429623,13.702329887451727,0.941363103858727
243.75,17.748889857493282,16.40345733688779,13.6895195229382,0.9422749788944296
244,17.736154535893032,16.389318691794355,13.67664646302487,0.9431920215341011
244.25,17.72336500269579,16.375094326067693,13.663708833687199,0.9440985017765936
244.5,17.710519962032993,16.360781946957236,13.65070450541841,0.9450071319999078
244.75,17.69761796008033,16.346385017626808,13.637631218463012,0.9459101270379647
245,17.68465743628624,16.33190572547821,13.624487135159251,0.9468100589964814
245.25,17.67163686641049,16.31734182502201,13.611271009408647,0.9477122402019996
245.5,17.658554855090756,16.302687843149243,13.59798174817678,0.9486024482515734
245.75,17.64541008603968,16.287942083736542,13.584617920753045,0.9494981624636193
246,17.632201208636737,16.273101863647703,13.571177840249025,0.9503826378841831
246.25,17.61892680271875,16.258165100231604,13.55765972006692,0.9512689994096971
246.5,17.60558538411049,16.243125040454583,13.544061686628174,0.9521500911177181
246.75,17.59217539783952,16.227975135490606,13.530381501344507,0.9530272033834317
247,17.578695146810162,16.212717722610428,13.516616422830896,0.9539021789635854
247.25,17.56514275239331,16.197357592369478,13.502763879634143,0.9547703333634703
247.5,17.551516290893378,16.181891354541097,13.488822066058452,0.9556419911559587
247.75,17.537813960673816,16.166308156814953,13.474789438993437,0.9564999804480987
248,17.524034035659405,16.150605368839873,13.460663774710712,0.957364458088666
248.25,17.51017466999845,16.134788761250608,13.446442387200449,0.9582135416518225
248.5,17.4962338842096,16.118855653767213,13.432123115422057,0.9590683355455812
248.75,17.482209740134792,16.10279927974793,13.417704186022835,0.959912003325706
249,17.468100369907955,16.086615356467572,13.40318349974417,0.960756720748243
249.25,17.453903857770644,16.07029723551483,13.388558534721032,0.9615932304621818
249.5,17.43961816124063,16.053839491664498,13.373826350358616,0.9624282765376522
249.75,17.425241062417456,16.037245172907575,13.358983672173826,0.963255873918406
250,17.410770182070824,16.0205147831825,13.344027556580105,0.9640812193115089
250.25,17.396203128003577,16.003638857881587,13.328955594208713,0.9649011596086124
250.5,17.381537576251436,15.986607705085008,13.31376508597089,0.9657163011280545
250.75,17.36677113417658,15.969427051724846,13.29845257993081,0.9665255031521875
251,17.351901225543617,15.952100884896565,13.28301491150346,0.9673307837665215
251.25,17.33692526382038,15.934613471099336,13.267449781891354,0.9681316283643631
251.5,17.32184079024075,15.916946129425474,13.2517543270169,0.9689263672686775
251.75,17.306645216759193,15.899103257618506,13.235924031640494,0.9697136099830099
252,17.291335543270595,15.88108522879658,13.21995416427617,0.9704992037926319
252.25,17.27590852769281,15.862887480572535,13.203840746028124,0.9712743178618456
252.5,17.26036092056946,15.844504485917868,13.187580094881271,0.9720499031420612
252.75,17.2446894922595,15.825918011357572,13.171168353880285,0.9728117242016225
253,17.228890928678503,15.807121731446353,13.154600621049674,0.9735750123919629
253.25,17.21296160770906,15.78813292624885,13.13787131499731,0.974323791068311
253.5,17.19689764695263,15.768945015131104,13.12097625916834,0.9750735649518868
253.75,17.180695321522986,15.749552920219696,13.103912282191846,0.9758116320229594
254,17.16435114328858,15.729946669478897,13.086676065894672,0.9765460999723458
254.25,17.147861697650058,15.71011506148349,13.069263706495677,0.9772736751486791
254.5,17.13122345851989,15.690045512618386,13.051670439189813,0.9779910188686334
254.75,17.11443262989112,15.669727534056603,13.033890578836155,0.9787076494994577
255,17.097485044873242,15.649165742084508,13.015917788562854,0.9794075916647604
255.25,17.08037619992928,15.628359219543224,12.997746245321373,0.9801057373890689
255.5,17.063101517227345,15.607313462523537,12.979371068765753,0.9807954315588747
255.75,17.045656562606926,15.586000872741065,12.960788273062603,0.9814755260019798
256,17.028037097968618,15.564403148818101,12.941992816862756,0.9821521815210882
256.25,17.01023867547558,15.542535887186995,12.922977808032407,0.9828132541304243
256.5,16.99225639467231,15.520378330227242,12.903736991920328,0.9834696440734386
256.75,16.974085233103462,15.497907776937033,12.884264165974887,0.9841204673546629
257,16.95571998887384,15.475144303705536,12.864551646834844,0.9847537055373414
257.25,16.937155078204253,15.452077757130766,12.844592682348543,0.9853830291108252
257.5,16.918384925222778,15.428698492191806,12.82438159689558,0.9860051979547
257.75,16.899404100768862,15.404974177083435,12.803912344502365,0.9866110421502997
258,16.880207089025696,15.380899388629233,12.783177014761323,0.9872097118728811
258.25,16.86078788340404,15.356469371313105,12.762166596972559,0.987801404507543
258.5,16.84113999239786,15.331661842381918,12.740872303714173,0.9883770799949694
258.75,16.821256632210467,15.306502554080769,12.719284934828481,0.9889417978206307
259,16.80113077883532,15.280977806226849,12.697396904400401,0.9894995088313491
259.25,16.78075562569667,15.25504064930571,12.675201707819847,0.9900463914838858
259.5,16.76012452977418,15.228721953779022,12.652690412445404,0.9905754846197257
259.75,16.739230443648026,15.20200980340802,12.629854615597951,0.9910950915439936
260,16.71806629024429,15.174880033654913,12.60668733515228,0.9916045633743493
260.25,16.696625153970466,15.147298103674967,12.583180471923134,0.992101576116926
260.5,16.67489986668965,15.119274847418316,12.559323562815617,0.9925838523934244
260.75,16.65288262988484,15.090801962104434,12.535106136739682,0.9930512253881986
261,16.6305653297871,15.061883532715251,12.510518833167287,0.9935060095285655
261.25,16.60793987650747,15.032516457116499,12.48555343356627,0.9939482946882555
261.5,16.584998425439338,15.002691146219123,12.46020274260971,0.9943774449398927
261.75,16.561733446917252,14.972393260741756,12.434459754356578,0.994792974262687
262,16.53813758947095,14.941546266369897,12.408316632971358,0.995192170889849
262.25,16.51420325701039,14.910200279965101,12.381761284465426,0.9955751513862757
262.5,16.489921855098242,14.878372321532769,12.354782239567044,0.9959427614787333
262.75,16.465284578928404,14.846036392924587,12.32737224993118,0.9962955826867937
263,16.44028328595061,14.8132031462203,12.299524826043267,0.9966328116110935
263.25,16.41491031450681,14.779856874448381,12.271233858594965,0.9969547006615959
263.5,16.389158381568674,14.745986065981864,12.242493381301978,0.9972604620028388
263.75,16.363020417710672,14.711590823370393,12.213296807960246,0.9975499946266384
264,16.336489381819533,14.6766904184553,12.183637780978652,0.9978231380322184
264.25,16.30955839195513,14.641259714923372,12.153511691585496,0.9980802238936386
264.5,16.282221030144402,14.605300617372293,12.122914048709706,0.9983202507327937
264.75,16.254471141278135,14.568874308710582,12.091840307821766,0.998543765141524
265,16.22630291776109,14.53193218830546,12.060289819207366,0.998751472043421
265.25,16.197711602176906,14.494511968087243,12.02826249721631,0.998942237314545
265.5,16.168693136727175,14.456606797081601,11.995758727933227,0.9991169915342666
265.75,16.1392441223222,14.418201069645054,11.962779911817055,0.9992740422576755
266,16.10936173867373,14.379373254436027,11.929326756996531,0.9994148161888652
266.25,16.079043579857263,14.340123190194632,11.895403697247927,0.9995399644335281
266.5,16.048288482314145,14.300441576066058,11.861018444273348,0.9996494263879921
266.75,16.017096648404824,14.260348028955077,11.826178242088137,0.9997435938455678
267,15.98546907026357,14.219861865419949,11.790890363965037,0.9998227997430774
267.25,15.953407386261153,14.178975421318324,11.755163171273216,0.9998870484794629
267.5,15.920913931952004,14.137754280459406,11.719005039764392,0.9999351200278277
267.75,15.887991650455545,14.096229920987435,11.682427115098818,0.9999697286456474
268,15.854644694282284,14.0543970190993,11.645444279258154,0.9999910165251915
268.25,15.820878758235432,14.012276032440276,11.608071795466158,0.9999994456911675
268.5,15.786700622052523,13.970813027072374,11.570328720426692,1
268.75,15.752120753333697,13.929914176876775,11.532286834039862,1
269,15.717164393268733,13.889440309006277,11.49405248081,1
269.25,15.681871286221183,13.849301966884624,11.455718206894295,1
269.5,15.646286563962443,13.809436803145665,11.417353068870321,1
269.75,15.61045403971164,13.769799458714902,11.379006356099586,1
270,15.574413167675132,13.730356035884464,11.340712650908713,1
270.25,15.538198169573366,13.691080732432773,11.302495929901212,1
270.5,15.501838180195247,13.651953637413541,11.264372564492202,1
270.75,15.465357797047481,13.612959216156925,11.226353458131152,1
271,15.428777739118404,13.574085233609924,11.188445565374238,1
271.25,15.392115484131766,13.535321970620737,11.150652979291872,1
271.5,15.355385833498392,13.496661643273585,11.112977717730814,1
271.75,15.318601391506323,13.458097966904496,11.07542029756362,1
272,15.281772961810795,13.419625825414975,11.037980157724334,1
272.25,15.244909870762957,13.381241018483214,11.00065597290648,1
272.5,15.208020228852712,13.342940067132622,10.96344588719139,1
272.75,15.171111141146616,13.304720063444782,10.926347688397446,1
273,15.134188876355381,13.266578553915132,10.889358938154443,1
273.25,15.09725900268266,13.228513448595825,10.852477068686731,1
273.5,15.060326497168859,13.190522950092955,10.815699454443966,1
273.75,15.023395833966967,13.152605497904512,10.77902346467058,1
274,14.986471055904657,13.114759724645367,10.742446501508123,1
274.25,14.94955583279465,13.076984421505445,10.705966027116364,1
274.5,14.9126535092323,13.039278510894823,10.669579582469481,1
274.75,14.87576714404091,13.001641024694003,10.633284799857671,1
275,14.838899543065404,12.964071086884168,10.597079410648927,1
275.25,14.802053286652402,12.926567899606784,10.560961249501966,1
275.5,14.76523075286871,12.889130731913944,10.524928255945143,1
275.75,14.728434137286314,12.8517589106349,10.488978474019115,1
276,14.691665469986134,12.814451812911209,10.453110050519621,1
276.25,14.654926630295215,12.777208860051623,10.41732123224836,1
276.5,14.618219359664419,12.740029512434186,10.381610362582695,1
276.75,14.581545273009416,12.702913265242675,10.345975877599635,1
277,14.544905868771766,12.665859644870583,10.310416301931506,1
277.25,14.508302537905191,12.628868205861945,10.27493024448604,1
277.5,14.471736571951654,12.591938528286246,10.239516394129279,1
277.75,14.435209170339872,12.555070215466523,10.204173515403365,1
278,14.398721447013987,12.51826289199681,10.168900444331074,1
278.25,14.362274436480153,12.481516201998327,10.133696084343542,1
278.5,14.325869099343372,12.444829807574221,10.09855940235593,1
278.75,14.28950632739428,12.408203387430847,10.063489425006853,1
279,14.253186948295914,12.37163663563981,10.028485235070804,1
279.25,14.216911729912445,12.335129260520135,9.99354596804771,1
279.5,14.180681384315566,12.298680983623782,9.95867080893019,1
279.75,14.14449657149916,12.262291538810796,9.923858989146268,1
280,14.10835790282857,12.225960671402925,9.8891097836735,1
280.25,14.072265944247574,12.189688137406382,9.854422508319074,1
280.5,14.03622121926314,12.153473702796,9.819796517159503,1
280.75,14.00022421172596,12.117317142854317,9.785231200133087,1
281,13.964275368422554,12.081218241560034,9.750725980777906,1
281.25,13.928375101493295,12.045176791021131,9.716280314108024,1
281.5,13.892523790689218,12.00919259094857,9.681893684620627,1
281.75,13.856721785479241,11.973265448167073,9.647565604426887,1
282,13.820969407018458,11.93739517615982,9.613295611499568,1
282.25,13.785266949987225,11.901581594644346,9.5790832680306,1
282.5,13.749614684309915,11.865824529177216,9.54492815889216,1
282.75,13.714012856761586,11.830123810785238,9.510829890195017,1
283,13.678461692470151,11.794479275621303,9.476788087938269,1
283.25,13.642961396320969,11.758890764642997,9.442802396744868,1
283.5,13.60751215427045,11.723358123312444,9.408872478677608,1
283.75,13.572114134574633,11.687881201315813,9.374998012130606,1
284,13.536767488938347,11.65245985230117,9.34117869079152,1
284.25,13.50147235359015,11.617093933633436,9.307414222670069,1
284.5,13.466228850287955,11.581783306165232,9.273704329188686,1
284.75,13.431037087259755,11.546527834022633,9.24004874433134,1
285,13.395897160083779,11.511327384404744,9.206447213846872,1
285.25,13.360809152511912,11.476181827396264,9.172899494503362,1
285.5,13.325773137240128,11.441091035792123,9.139405353390256,1
285.75,13.290789176629316,11.406054884933445,9.105964567265257,1
286,13.25585732337971,11.37107325255405,9.072576921943067,1
286.25,13.220977621161946,11.33614601863685,9.039242211723352,1
286.5,13.18615010520752,11.30127306527948,9.005960238855355,1
286.75,13.151374802861255,11.26645427656855,8.97273081303691,1
287,13.116651734098243,11.231689538461982,8.939553750945556,1
287.25,13.081980912007552,11.196978738678897,8.906428875799746,1
287.5,13.047362343244808,11.162321766596564,8.873356016948206,1
287.75,13.012796028455698,11.127718513153962,8.840335009485647,1
288,12.978281962672218,11.093168870761518,8.80736569389313,1
288.25,12.94382013568346,11.058672733216639,8.77444791570152,1
288.5,12.909410532382537,11.02422999562463,8.741581525176501,1
288.75,12.875053133091226,10.989840554324713,8.708766377023835,1
289,12.840747913863707,10.955504306820748,8.67600233011352,1
289.25,12.806494846770784,10.921221151716402,8.64328924722163,1
289.5,12.772293900165831,10.88699098865446,8.61062699478874,1
289.75,12.738145038933625,10.85281371826003,8.57801544269384,1
290,12.704048224723174,10.818689242087343,8.545454464042729,1
290.25,12.67000341616557,10.784617462569994,8.512943934970023,1
290.5,12.636010569077854,10.750598282974327,8.480483734453818,1
290.75,12.602069636653706,10.71663160735582,8.44807374414227,1
291,12.568180569641935,10.682717340518233,8.415713848191276,1
291.25,12.534343316513436,10.648855387975365,8.383403933112568,1
291.5,12.500557823617427,10.615045655915273,8.351143887631554,1
291.75,12.466824035327612,10.581288051166716,8.318933602554251,1
292,12.433141894178963,10.547582481167801,8.286772970642764,1
292.25,12.399511340995659,10.51392885393657,8.254661886498736,1
292.5,12.365932315010838,10.480327078043489,8.222600246454274,1
292.75,12.332404753978581,10.446777062585669,8.190587948469839,1
293,12.29892859427873,10.41327871716273,8.158624892038713,1
293.25,12.265503771014917,10.379831951854186,8.126710978097549,1
293.5,12.232130218106317,10.346436677198296,8.094846108942669,1
293.75,12.198807868373448,10.3130928041722,8.063030188151709,1
294,12.165536653618474,10.279800244173364,8.031263120510284,1
294.25,12.132316504700302,10.246558909002161,7.999544811943348,1
294.5,12.09914735160486,10.213368710845579,7.96787516945093,1
294.75,12.066029123510827,10.180229562261932,7.936254101047999,1
295,12.032961748851118,10.147141376166548,7.904681515708158,1
295.25,11.999945155370435,10.11410406581836,7.873157323310943,1
295.5,11.966979270179051,10.08111754480733,7.8416814345924895,1
295.75,11.934064019803152,10.048181727042666,7.810253761099347,1
296,11.901199330231929,10.015296526741768,7.778874215145245,1
296.25,11.868385126961607,9.982461858419887,7.747542709770615,1
296.5,11.835621335036647,9.94967763688041,7.716259158704691,1
296.75,11.802907879088261,9.91694377720575,7.685023476330042,1
297,11.770244683370459,9.88426019474882,7.653835577649345,1
297.25,11.73763167179374,9.851626805125004,7.622695378254288,1
297.5,11.705068767956611,9.819043524204668,7.591602794296443,1
297.75,11.672555895175067,9.786510268106094,7.560557742460004,1
298,11.640092976510141,9.754026953188864,7.529560139936247,1
298.25,11.60767993479369,9.721593496047667,7.498609904399621,1
298.5,11.575316692652475,9.68920981350645,7.467706953985351,1
298.75,11.543003172530724,9.656875822612959,7.436851207268465,1
299,11.51073929671116,9.624591440633585,7.4060425832441545,1
299.25,11.47852498733472,9.592356585048556,7.3752810013093715,1
299.5,11.446360166418968,9.560171173547378,7.344566381245597,1
299.75,11.414244755875284,9.528035124024585,7.313898643202692,1
300,11.382178677524973,9.495948354575722,7.283277707683776,1
300.25,11.350161853114278,9.463910783493585,7.252703495531055,1
300.5,11.318194204328446,9.431922329264665,7.222175927912547,1
300.75,11.28627565280485,9.399982910565818,7.1916949263096335,1
301,11.254406120145255,9.368092446261116,7.161260412505405,1
301.25,11.22258552792728,9.336250855398909,7.130872308573734,1
301.5,11.190813797715109,9.304458057209018,7.1005305368690275,1
301.75,11.15909085106948,9.272713971100124,7.07023502001663,1
302,11.127416609557045,9.241018516657292,7.039985680903817,1
302.25,11.095790994759065,9.209371613639627,7.009782442671357,1
302.5,11.064213928279575,9.17777318197809,6.979625228705596,1
302.75,11.032685331752974,9.146223141773412,6.9495139626310385,1
303,11.00120512685113,9.114721413294124,6.919448568303371,1
303.25,10.969773235289988,9.083267916974716,6.889428969802945,1
303.5,10.938389578835762,9.051862573413876,6.859455091428639,1
303.75,10.907054079310699,9.020505303372833,6.829526857692105,1
304,10.87576665859843,8.989196027773785,6.799644193312374,1
304.25,10.844527238649013,8.957934667698417,6.769807023210782,1
304.5,10.813335741483595,8.926721144386493,6.740015272506211,1
304.75,10.78219208919875,8.895555379234512,6.710268866510626,1
305,10.751096203970562,8.864437293794447,6.680567730724858,1
305.25,10.720048008058379,8.833366809772542,6.650911790834677,1
305.5,10.689047423808347,8.802343849028158,6.621300972707071,1
305.75,10.65809437365668,8.771368333572699,6.591735202386758,1
306,10.6271887801327,8.740440185568561,6.562214406092916,1
306.25,10.596330565861678,8.70955932732816,6.532738510216088,1
306.5,10.565519653567454,8.678725681312978,6.503307441315287,1
306.75,10.534755966074904,8.647939170132673,6.473921126115259,1
307,10.504039426312195,8.61719971654422,6.4445794915039105,1
307.25,10.473369957312892,8.58650724345109,6.415282464529886,1
307.5,10.442747482217928,8.555861673902466,6.386029972400284,1
307.75,10.412171924277406,8.525262931092492,6.356821942478502,1
308,10.38164320685227,8.494710938359553,6.327658302282208,1
308.25,10.35116125341588,8.464205619185583,6.298538979481424,1
308.5,10.32072598755542,8.433746897195407,6.269463901896714,1
308.75,10.290337332973246,8.40333469615609,6.240432997497479,1
309,10.259995213488107,8.37296893997634,6.211446194400343,1
309.25,10.229699553036266,8.3426495527059,6.1825034208676275,1
309.5,10.199450275672534,8.312376458534983,6.153604605305896,1
309.75,10.169247305571243,8.28214958179373,6.124749676264602,1
310,10.139090567027104,8.251968846951662,6.09593856243479,1
310.25,10.108979984456015,8.221834178617181,6.06717119264786,1
310.5,10.078915482395805,8.191745501537053,6.038447495874417,1
310.75,10.048896985506888,8.16170274059594,6.009767401223156,1
311,10.018924418572883,8.131705820815926,5.981130837939816,1
311.25,9.988997706501165,8.101754667356058,5.952537735406185,1
