时间（s）,层号,距人体侧位置（m）,温度（℃）
0.0,1,0.0,37.0
0.0,1,2.3333333333333332e-05,37.0
0.0,1,4.6666666666666665e-05,37.0
0.0,1,7e-05,37.0
0.0,1,9.333333333333333e-05,37.0
0.0,1,0.00011666666666666667,37.0
0.0,1,0.00014,37.0
0.0,1,0.00016333333333333334,37.0
0.0,1,0.00018666666666666666,37.0
0.0,1,0.00020999999999999998,37.0
0.0,1,0.00023333333333333333,37.0
0.0,1,0.00025666666666666665,37.0
0.0,1,0.00028,37.0
0.0,1,0.0003033333333333333,37.0
0.0,1,0.0003266666666666667,37.0
0.0,1,0.00035,37.0
0.0,1,0.0003733333333333333,37.0
0.0,1,0.00039666666666666664,37.0
0.0,1,0.00041999999999999996,37.0
0.0,1,0.00044333333333333334,37.0
0.0,1,0.00046666666666666666,37.0
0.0,1,0.00049,37.0
0.0,1,0.0005133333333333333,37.0
0.0,1,0.0005366666666666666,37.0
0.0,1,0.00056,37.0
0.0,1,0.0005833333333333333,37.0
0.0,1,0.0006066666666666666,37.0
0.0,1,0.00063,37.0
0.0,1,0.0006533333333333333,37.0
0.0,1,0.0006766666666666667,37.0
0.0,1,0.0007,37.0
0.0,2,0.0007,37.0
0.0,2,0.0007133333333333333,37.0
0.0,2,0.0007266666666666667,37.0
0.0,2,0.00074,37.00000000000001
0.0,2,0.0007533333333333333,37.0
0.0,2,0.0007666666666666667,37.0
0.0,2,0.00078,37.0
0.0,2,0.0007933333333333333,37.0
0.0,2,0.0008066666666666667,37.0
0.0,2,0.00082,37.0
0.0,2,0.0008333333333333333,37.0
0.0,2,0.0008466666666666667,37.0
0.0,2,0.00086,37.0
0.0,2,0.0008733333333333334,37.0
0.0,2,0.0008866666666666667,37.0
0.0,2,0.0009,37.0
0.0,2,0.0009133333333333333,37.0
0.0,2,0.0009266666666666667,37.0
0.0,2,0.00094,37.0
0.0,2,0.0009533333333333334,37.0
0.0,2,0.0009666666666666667,37.0
0.0,2,0.00098,37.0
0.0,2,0.0009933333333333333,37.0
0.0,2,0.0010066666666666666,37.0
0.0,2,0.00102,37.0
0.0,2,0.0010333333333333334,37.0
0.0,2,0.0010466666666666667,37.0
0.0,2,0.00106,37.0
0.0,2,0.0010733333333333333,37.0
0.0,2,0.0010866666666666668,37.0
0.0,2,0.0011,37.0
0.0,3,0.0011,37.0
0.0,3,0.00111,37.00050463257814
0.0,3,0.0011200000000000001,36.99949446474683
0.0,3,0.0011300000000000001,36.99999761581845
0.0,3,0.00114,37.00051639517375
0.0,3,0.00115,36.99948078102456
0.0,3,0.00116,36.99999492429905
0.0,3,0.00117,37.00054235518877
0.0,3,0.00118,36.99945251487852
0.0,3,0.00119,36.99999151493728
0.0,3,0.0012000000000000001,37.00058621073275
0.0,3,0.0012100000000000001,36.99940556153068
0.0,3,0.0012200000000000002,36.999986700379786
0.0,3,0.00123,37.000655256196545
0.0,3,0.00124,36.99933188143442
0.0,3,0.00125,36.99997911412652
0.0,3,0.00126,37.00076390957623
0.0,3,0.00127,36.999215455472914
0.0,3,0.00128,36.99996555690305
0.0,3,0.0012900000000000001,37.00094325242755
0.0,3,0.0013,36.99902111009294
0.0,3,0.00131,36.99993682752496
0.0,3,0.00132,37.001272426508606
0.0,3,0.00133,36.99865641262928
0.0,3,0.00134,36.99985643162015
0.0,3,0.00135,37.002024046866495
0.0,3,0.00136,36.99778463514357
0.0,3,0.0013700000000000001,36.999448372461586
0.0,3,0.0013800000000000002,37.00506604774299
0.0,3,0.0013900000000000002,36.99405031939093
0.0,3,0.0014,36.95346372732853
10.0,1,0.0,33.6137605900828
10.0,1,2.3333333333333332e-05,33.606519347948264
10.0,1,4.6666666666666665e-05,33.59407384763108
10.0,1,7e-05,33.57641494717974
10.0,1,9.333333333333333e-05,33.553544423766276
10.0,1,0.00011666666666666667,33.52543863398485
10.0,1,0.00014,33.49208443077969
10.0,1,0.00016333333333333334,33.453480324190004
10.0,1,0.00018666666666666666,33.409598538082165
10.0,1,0.00020999999999999998,33.3604220368355
10.0,1,0.00023333333333333333,33.305946641499126
10.0,1,0.00025666666666666665,33.24614031294958
10.0,1,0.00028,33.18098231442332
10.0,1,0.0003033333333333333,33.110466603722
10.0,1,0.0003266666666666667,33.034556744849255
10.0,1,0.00035,32.95322851861491
10.0,1,0.0003733333333333333,32.866475213721195
10.0,1,0.00039666666666666664,32.77425574807712
10.0,1,0.00041999999999999996,32.67654257053911
10.0,1,0.00044333333333333334,32.573330125395564
10.0,1,0.00046666666666666666,32.464572095521696
10.0,1,0.00049,32.350237399960086
10.0,1,0.0005133333333333333,32.23032478510948
10.0,1,0.0005366666666666666,32.10478128521184
10.0,1,0.00056,31.973570742253106
10.0,1,0.0005833333333333333,31.83670300926174
10.0,1,0.0006066666666666666,31.694115311254944
10.0,1,0.00063,31.545757770597575
10.0,1,0.0006533333333333333,31.391672823024596
10.0,1,0.0006766666666666667,31.231795355522646
10.0,1,0.0007,31.06601974823949
10.0,2,0.0007,31.066019748239494
10.0,2,0.0007133333333333333,30.95637928541914
10.0,2,0.0007266666666666667,30.843819290430826
10.0,2,0.00074,30.728368010203575
10.0,2,0.0007533333333333333,30.610034118164645
10.0,2,0.0007666666666666667,30.488772572596478
10.0,2,0.00078,30.364584638010687
10.0,2,0.0007933333333333333,30.237478969761217
10.0,2,0.0008066666666666667,30.107426650620912
10.0,2,0.00082,29.974422978729162
10.0,2,0.0008333333333333333,29.83847345359984
10.0,2,0.0008466666666666667,29.699555073949696
10.0,2,0.00086,29.55766178694458
10.0,2,0.0008733333333333334,29.412798099007922
10.0,2,0.0008866666666666667,29.264943832264056
10.0,2,0.0009,29.114092655833385
10.0,2,0.0009133333333333333,28.96024949882086
10.0,2,0.0009266666666666667,28.803395540283592
10.0,2,0.00094,28.643524437938154
10.0,2,0.0009533333333333334,28.48064276703011
10.0,2,0.0009666666666666667,28.314731935253175
10.0,2,0.00098,28.14578536940801
10.0,2,0.0009933333333333333,27.97381289974047
10.0,2,0.0010066666666666666,27.79879477090494
10.0,2,0.00102,27.620723080104078
10.0,2,0.0010333333333333334,27.439614239662422
10.0,2,0.0010466666666666667,27.255445076296592
10.0,2,0.00106,27.068201427866168
10.0,2,0.0010733333333333333,26.877917181420944
10.0,2,0.0010866666666666668,26.68456909241821
10.0,2,0.0011,26.48811423009611
10.0,3,0.0011,26.48811423009611
10.0,3,0.00111,26.318631811066727
10.0,3,0.0011200000000000001,26.146687086635225
10.0,3,0.0011300000000000001,25.972312668234657
10.0,3,0.00114,25.795524434681504
10.0,3,0.00115,25.61629371771072
10.0,3,0.00116,25.43463039972138
10.0,3,0.00117,25.2505499671852
10.0,3,0.00118,25.06403801473244
10.0,3,0.00119,24.87509958938516
10.0,3,0.0012000000000000001,24.68374710845488
10.0,3,0.0012100000000000001,24.489971927983568
10.0,3,0.0012200000000000002,24.293778267069367
10.0,3,0.00123,24.09517719422237
10.0,3,0.00124,23.894163394826517
10.0,3,0.00125,23.6907412847841
10.0,3,0.00126,23.484921537040353
10.0,3,0.00127,23.276701206584267
10.0,3,0.00128,23.066085316370337
10.0,3,0.0012900000000000001,22.85308469545693
10.0,3,0.0013,22.637698295002323
10.0,3,0.00131,22.419931944469468
10.0,3,0.00132,22.199796971529068
10.0,3,0.00133,21.977293943104108
10.0,3,0.00134,21.752429597140786
10.0,3,0.00135,21.52521598595243
10.0,3,0.00136,21.29565509747437
10.0,3,0.0013700000000000001,21.06375462710961
10.0,3,0.0013800000000000002,20.829527511985763
10.0,3,0.0013900000000000002,20.592977006535616
10.0,3,0.0014,20.354111781017913
20.0,1,0.0,27.471136118667026
20.0,1,2.3333333333333332e-05,27.456410107435907
20.0,1,4.6666666666666665e-05,27.438383998166394
20.0,1,7e-05,27.417058032985576
20.0,1,9.333333333333333e-05,27.39244007014743
20.0,1,0.00011666666666666667,27.3645324142101
20.0,1,0.00014,27.3333448121698
20.0,1,0.00016333333333333334,27.29889485606776
20.0,1,0.00018666666666666666,27.26119421737435
20.0,1,0.00020999999999999998,27.22026203027619
20.0,1,0.00023333333333333333,27.176125625721667
20.0,1,0.00025666666666666665,27.12880574675426
20.0,1,0.00028,27.078330690916054
20.0,1,0.0003033333333333333,27.024737491753253
20.0,1,0.0003266666666666667,26.968055535473336
20.0,1,0.00035,26.908321935754888
20.0,1,0.0003733333333333333,26.845583384726197
20.0,1,0.00039666666666666664,26.77987728924468
20.0,1,0.00041999999999999996,26.711249037559192
20.0,1,0.00044333333333333334,26.63975497047835
20.0,1,0.00046666666666666666,26.56543954283135
20.0,1,0.00049,26.48835548119061
20.0,1,0.0005133333333333333,26.40856892594986
20.0,1,0.0005366666666666666,26.326129734602944
20.0,1,0.00056,26.241096113226135
20.0,1,0.0005833333333333333,26.1535449837409
20.0,1,0.0006066666666666666,26.063528778931005
20.0,1,0.00063,25.971106160901222
20.0,1,0.0006533333333333333,25.876370504398047
20.0,1,0.0006766666666666667,25.779377207257056
20.0,1,0.0007,25.680167656408727
20.0,2,0.0007,25.680167656408727
20.0,2,0.0007133333333333333,25.613206690305518
20.0,2,0.0007266666666666667,25.539719456489337
20.0,2,0.00074,25.459919256081793
20.0,2,0.0007533333333333333,25.373974715892974
20.0,2,0.0007666666666666667,25.281926655579923
20.0,2,0.00078,25.18390964161751
20.0,2,0.0007933333333333333,25.08007081338682
20.0,2,0.0008066666666666667,24.970464519855167
20.0,2,0.00082,24.85518597095305
20.0,2,0.0008333333333333333,24.734347749235393
20.0,2,0.0008466666666666667,24.60799101665872
20.0,2,0.00086,24.476180653498517
20.0,2,0.0008733333333333334,24.338999227271707
20.0,2,0.0008866666666666667,24.196468172642458
20.0,2,0.0009,24.04862540868175
20.0,2,0.0009133333333333333,23.895527634912114
20.0,2,0.0009266666666666667,23.73717451838017
20.0,2,0.00094,23.573578938968545
20.0,2,0.0009533333333333334,23.404775508506898
20.0,2,0.0009666666666666667,23.230741143583675
20.0,2,0.00098,23.051464788603766
20.0,2,0.0009933333333333333,22.86696355169226
20.0,2,0.0010066666666666666,22.677190521217856
20.0,2,0.00102,22.48211053461973
20.0,2,0.0010333333333333334,22.281731436040307
20.0,2,0.0010466666666666667,22.07598082064419
20.0,2,0.00106,21.864793688985863
20.0,2,0.0010733333333333333,21.6481928183104
20.0,2,0.0010866666666666668,21.42609191599606
20.0,2,0.0011,21.19836209498603
20.0,3,0.0011,21.19836209498603
20.0,3,0.00111,21.00203202112273
20.0,3,0.0011200000000000001,20.80498440353314
20.0,3,0.0011300000000000001,20.60722313298331
20.0,3,0.00114,20.408747302847296
20.0,3,0.00115,20.20954318648852
20.0,3,0.00116,20.009608284803345
20.0,3,0.00117,19.808941818498496
20.0,3,0.00118,19.607534482452458
20.0,3,0.00119,19.40538273101815
20.0,3,0.0012000000000000001,19.20248530070479
20.0,3,0.0012100000000000001,18.9988350043015
20.0,3,0.0012200000000000002,18.794428554313942
20.0,3,0.00123,18.58926483705335
20.0,3,0.00124,18.3833382066649
20.0,3,0.00125,18.17664604662546
20.0,3,0.00126,17.969187774891022
20.0,3,0.00127,17.76095910539111
20.0,3,0.00128,17.551958297047218
20.0,3,0.0012900000000000001,17.342185535047236
20.0,3,0.0013,17.13163782291324
20.0,3,0.00131,16.920314410527652
20.0,3,0.00132,16.708216398892002
20.0,3,0.00133,16.495342041897082
20.0,3,0.00134,16.281691644661926
20.0,3,0.00135,16.067267317705415
20.0,3,0.00136,15.852068531483008
20.0,3,0.0013700000000000001,15.636096677757678
20.0,3,0.0013800000000000002,15.419354935393113
20.0,3,0.0013900000000000002,15.201843954986657
20.0,3,0.0014,14.983566224388293
30.0,1,0.0,24.926204350138317
30.0,1,2.3333333333333332e-05,24.908983149255885
30.0,1,4.6666666666666665e-05,24.89046019757688
30.0,1,7e-05,24.870634645790272
30.0,1,9.333333333333333e-05,24.84950855628574
30.0,1,0.00011666666666666667,24.827080114215644
30.0,1,0.00014,24.80335033049875
30.0,1,0.00016333333333333334,24.77832325278749
30.0,1,0.00018666666666666666,24.751998872492123
30.0,1,0.00020999999999999998,24.724380030514382
30.0,1,0.00023333333333333333,24.695472802199976
30.0,1,0.00025666666666666665,24.665278882058253
30.0,1,0.00028,24.63380288405555
30.0,1,0.0003033333333333333,24.60105296058786
30.0,1,0.0003266666666666667,24.567032366532544
30.0,1,0.00035,24.53174739900668
30.0,1,0.0003733333333333333,24.495208366253106
30.0,1,0.00039666666666666664,24.457419878549896
30.0,1,0.00041999999999999996,24.41838977039432
30.0,1,0.00044333333333333334,24.378130655584286
30.0,1,0.00046666666666666666,24.336648179346167
30.0,1,0.00049,24.293951443933288
30.0,1,0.0005133333333333333,24.25005569821578
30.0,1,0.0005366666666666666,24.204967071439242
30.0,1,0.00056,24.15869532534899
30.0,1,0.0005833333333333333,24.111259259634238
30.0,1,0.0006066666666666666,24.06266450409273
30.0,1,0.00063,24.012919432767536
30.0,1,0.0006533333333333333,23.96204993301264
30.0,1,0.0006766666666666667,23.910062017379317
30.0,1,0.0007,23.856954275266446
30.0,2,0.0007,23.856954275266443
30.0,2,0.0007133333333333333,23.8197261738657
30.0,2,0.0007266666666666667,23.774882946729356
30.0,2,0.00074,23.722584617122084
30.0,2,0.0007533333333333333,23.662944428185444
30.0,2,0.0007666666666666667,23.59593442258297
30.0,2,0.00078,23.521641756042616
30.0,2,0.0007933333333333333,23.440176501808285
30.0,2,0.0008066666666666667,23.351550340943895
30.0,2,0.00082,23.25583019183692
30.0,2,0.0008333333333333333,23.153111608159314
30.0,2,0.0008466666666666667,23.043416063383535
30.0,2,0.00086,22.926799664513005
30.0,2,0.0008733333333333334,22.803346483795092
30.0,2,0.0008866666666666667,22.673077441787193
30.0,2,0.0009,22.536038707755843
30.0,2,0.0009133333333333333,22.392304668272608
30.0,2,0.0009266666666666667,22.241890537272425
30.0,2,0.00094,22.084832166259133
30.0,2,0.0009533333333333334,21.921196202794913
30.0,2,0.0009666666666666667,21.750988849709554
30.0,2,0.00098,21.574234921339524
30.0,2,0.0009933333333333333,21.39099672083924
30.0,2,0.0010066666666666666,21.2012685026402
30.0,2,0.00102,21.00506218897075
30.0,2,0.0010333333333333334,20.802443322968816
30.0,2,0.0010466666666666667,20.59339023219264
30.0,2,0.00106,20.377892807691758
30.0,2,0.0010733333333333333,20.15604385002647
30.0,2,0.0010866666666666668,19.927814559690894
30.0,2,0.0011,19.693128917734363
30.0,3,0.0011,19.693128917734363
30.0,3,0.00111,19.49074991398979
30.0,3,0.0011200000000000001,19.28801012337375
30.0,3,0.0011300000000000001,19.084914571512712
30.0,3,0.00114,18.88146582887262
30.0,3,0.00115,18.677659931639344
30.0,3,0.00116,18.473498564953328
30.0,3,0.00117,18.268984231345943
30.0,3,0.00118,18.064115045416784
30.0,3,0.00119,17.858891968104647
30.0,3,0.0012000000000000001,17.653317034455704
30.0,3,0.0012100000000000001,17.447389184220828
30.0,3,0.0012200000000000002,17.24110923533534
30.0,3,0.00123,17.034479001601863
30.0,3,0.00124,16.82749788572711
30.0,3,0.00125,16.62016670771552
30.0,3,0.00126,16.412487195143793
30.0,3,0.00127,16.204459068633053
30.0,3,0.00128,15.996083206509772
30.0,3,0.0012900000000000001,15.787361327526336
30.0,3,0.0013,15.578293397710985
30.0,3,0.00131,15.36888038024515
30.0,3,0.00132,15.15912403292084
30.0,3,0.00133,14.949024524039961
30.0,3,0.00134,14.738582914882755
30.0,3,0.00135,14.52780103400209
30.0,3,0.00136,14.316679222263163
30.0,3,0.0013700000000000001,14.105218645313773
30.0,3,0.0013800000000000002,13.893421225263642
30.0,3,0.0013900000000000002,13.681287452401685
30.0,3,0.0014,13.468818598999267
40.0,1,0.0,23.62140798047232
40.0,1,2.3333333333333332e-05,23.602604240156673
40.0,1,4.6666666666666665e-05,23.58291609654451
40.0,1,7e-05,23.56234256032006
40.0,1,9.333333333333333e-05,23.540884576739106
40.0,1,0.00011666666666666667,23.51853972794116
40.0,1,0.00014,23.495307465294356
40.0,1,0.00016333333333333334,23.471189275548443
40.0,1,0.00018666666666666666,23.44618314714501
40.0,1,0.00020999999999999998,23.42028896203254
40.0,1,0.00023333333333333333,23.393508798827423
40.0,1,0.00025666666666666665,23.365840992698725
40.0,1,0.00028,23.337285836300744
40.0,1,0.0003033333333333333,23.30784606677438
40.0,1,0.0003266666666666667,23.27752028640818
40.0,1,0.00035,23.246309163995292
40.0,1,0.0003733333333333333,23.214216196463695
40.0,1,0.00039666666666666664,23.18124013774547
40.0,1,0.00041999999999999996,23.14738196904168
40.0,1,0.00044333333333333334,23.1126461206106
40.0,1,0.00046666666666666666,23.077031312756365
40.0,1,0.00049,23.040538703348915
40.0,1,0.0005133333333333333,23.00317399969715
40.0,1,0.0005366666666666666,22.964935559101804
40.0,1,0.00056,22.925824358215603
40.0,1,0.0005833333333333333,22.885848231202186
40.0,1,0.0006066666666666666,22.845004559973034
40.0,1,0.00063,22.803292718622057
40.0,1,0.0006533333333333333,22.76072562648763
40.0,1,0.0006766666666666667,22.717300597881373
40.0,1,0.0007,22.673009090186607
40.0,2,0.0007,22.673009090186607
40.0,2,0.0007133333333333333,22.641639592437667
40.0,2,0.0007266666666666667,22.6029073889815
40.0,2,0.00074,22.556923404416928
40.0,2,0.0007533333333333333,22.50375351023853
40.0,2,0.0007666666666666667,22.443329193233247
40.0,2,0.00078,22.37569595597404
40.0,2,0.0007933333333333333,22.300922234221026
40.0,2,0.0008066666666666667,22.218983517911898
40.0,2,0.00082,22.12991233732097
40.0,2,0.0008333333333333333,22.033770162227814
40.0,2,0.0008466666666666667,21.930548840720036
40.0,2,0.00086,21.82027783246564
40.0,2,0.0008733333333333334,21.703015281694306
40.0,2,0.0008866666666666667,21.57875996604272
40.0,2,0.0009,21.44753948738903
40.0,2,0.0009133333333333333,21.309410679771087
40.0,2,0.0009266666666666667,21.164374354225902
40.0,2,0.00094,21.012455834509012
40.0,2,0.0009533333333333334,20.85371245524458
40.0,2,0.0009666666666666667,20.688143545549316
40.0,2,0.00098,20.51577103810968
40.0,2,0.0009933333333333333,20.336655756723268
40.0,2,0.0010066666666666666,20.15079204482869
40.0,2,0.00102,19.958195897605485
40.0,2,0.0010333333333333334,19.75893870586348
40.0,2,0.0010466666666666667,19.553005016749154
40.0,2,0.00106,19.340394632268747
40.0,2,0.0010733333333333333,19.121213154204302
40.0,2,0.0010866666666666668,18.895443013792832
40.0,2,0.0011,18.663020727829025
40.0,3,0.0011,18.663020727829025
40.0,3,0.00111,18.462539069052156
40.0,3,0.0011200000000000001,18.261756630859455
40.0,3,0.0011300000000000001,18.06067810873299
40.0,3,0.00114,17.859306144116697
40.0,3,0.00115,17.65763791622297
40.0,3,0.00116,17.455675313995137
40.0,3,0.00117,17.25342089969139
40.0,3,0.00118,17.05087356043502
40.0,3,0.00119,16.84803454771096
40.0,3,0.0012000000000000001,16.644905995956783
40.0,3,0.0012100000000000001,16.441487439470077
40.0,3,0.0012200000000000002,16.23777996431931
40.0,3,0.00123,16.03378547040519
40.0,3,0.00124,15.829503825396918
40.0,3,0.00125,15.624936060768531
40.0,3,0.00126,15.420083945339949
40.0,3,0.00127,15.214947550761227
40.0,3,0.00128,15.009527893609063
40.0,3,0.0012900000000000001,14.80382666993475
40.0,3,0.0013,14.597844089401306
40.0,3,0.00131,14.391581171268713
40.0,3,0.00132,14.185039574990306
40.0,3,0.00133,13.97821960913125
40.0,3,0.00134,13.771122304237986
40.0,3,0.00135,13.563749307762928
40.0,3,0.00136,13.356101000966172
40.0,3,0.0013700000000000001,13.148178429948278
40.0,3,0.0013800000000000002,12.939983248599948
40.0,3,0.0013900000000000002,12.731515891272938
40.0,3,0.0014,12.522777421495926
50.0,1,0.0,22.59825376312175
50.0,1,2.3333333333333332e-05,22.578096066011607
50.0,1,4.6666666666666665e-05,22.55715482979104
50.0,1,7e-05,22.535428999221665
50.0,1,9.333333333333333e-05,22.512919219624848
50.0,1,0.00011666666666666667,22.48962282909015
50.0,1,0.00014,22.465538804538127
50.0,1,0.00016333333333333334,22.44066791888611
50.0,1,0.00018666666666666666,22.41500751033559
50.0,1,0.00020999999999999998,22.38855657932752
50.0,1,0.00023333333333333333,22.36131607535036
50.0,1,0.00025666666666666665,22.33328328216105
50.0,1,0.00028,22.304457207054913
50.0,1,0.0003033333333333333,22.274839041577998
50.0,1,0.0003266666666666667,22.244425942665547
50.0,1,0.00035,22.21321689518481
50.0,1,0.0003733333333333333,22.18121343260087
50.0,1,0.00039666666666666664,22.148412481129014
50.0,1,0.00041999999999999996,22.114812949884495
50.0,1,0.00044333333333333334,22.080416887617304
50.0,1,0.00046666666666666666,22.045220827355894
50.0,1,0.00049,22.00922349131155
50.0,1,0.0005133333333333333,21.9724277913987
50.0,1,0.0005366666666666666,21.93482958631711
50.0,1,0.00056,21.896427111983538
50.0,1,0.0005833333333333333,21.857224995775425
50.0,1,0.0006066666666666666,21.817217903464112
50.0,1,0.00063,21.776402313521995
50.0,1,0.0006533333333333333,21.734787450181468
50.0,1,0.0006766666666666667,21.692367741774547
50.0,1,0.0007,21.64913204975669
50.0,2,0.0007,21.649132049756695
50.0,2,0.0007133333333333333,21.618559644748522
50.0,2,0.0007266666666666667,21.580915536577656
50.0,2,0.00074,21.536287111907566
50.0,2,0.0007533333333333333,21.484718242270077
50.0,2,0.0007666666666666667,21.426124383705826
50.0,2,0.00078,21.36053156686974
50.0,2,0.0007933333333333333,21.287987774626593
50.0,2,0.0008066666666666667,21.208452316428527
50.0,2,0.00082,21.121940758606723
50.0,2,0.0008333333333333333,21.028496636223874
50.0,2,0.0008466666666666667,20.92809714413996
50.0,2,0.00086,20.82075736677838
50.0,2,0.0008733333333333334,20.706520387701037
50.0,2,0.0008866666666666667,20.585372722858935
50.0,2,0.0009,20.457330590055488
50.0,2,0.0009133333333333333,20.322439016034416
50.0,2,0.0009266666666666667,20.180689534979713
50.0,2,0.00094,20.03209946390606
50.0,2,0.0009533333333333334,19.87671790925379
50.0,2,0.0009666666666666667,19.71453833724589
50.0,2,0.00098,19.545578359653252
50.0,2,0.0009933333333333333,19.36989438678481
50.0,2,0.0010066666666666666,19.187478615599375
50.0,2,0.00102,18.998346633060397
50.0,2,0.0010333333333333334,18.802569361070354
50.0,2,0.0010466666666666667,18.600133139113638
50.0,2,0.00106,18.391041481037682
50.0,2,0.0010733333333333333,18.175403357411913
50.0,2,0.0010866666666666668,17.953206721648144
50.0,2,0.0011,17.724395590731966
50.0,3,0.0011,17.724395590731966
50.0,3,0.00111,17.527010779698735
50.0,3,0.0011200000000000001,17.32933135362958
50.0,3,0.0011300000000000001,17.131362170483186
50.0,3,0.00114,16.933106072491725
50.0,3,0.00115,16.734560543925532
50.0,3,0.00116,16.53572768226905
50.0,3,0.00117,16.336610240172355
50.0,3,0.00118,16.137207361544867
50.0,3,0.00119,15.937520501583245
50.0,3,0.0012000000000000001,15.737551973695874
50.0,3,0.0012100000000000001,15.537301534128089
50.0,3,0.0012200000000000002,15.336770451670693
50.0,3,0.00123,15.135960783643636
50.0,3,0.00124,14.93487258523395
50.0,3,0.00125,14.73350704230536
50.0,3,0.00126,14.531866052937444
50.0,3,0.00127,14.329949840414894
50.0,3,0.00128,14.127759543157751
50.0,3,0.0012900000000000001,13.925296954271458
50.0,3,0.0013,13.722562398064982
50.0,3,0.00131,13.519556980807765
50.0,3,0.00132,13.31628242456489
50.0,3,0.00133,13.112739115170937
50.0,3,0.00134,12.908928134346557
50.0,3,0.00135,12.704851156675886
50.0,3,0.00136,12.500508603506017
50.0,3,0.0013700000000000001,12.295901536064138
50.0,3,0.0013800000000000002,12.091031599556004
50.0,3,0.0013900000000000002,11.885899231768775
50.0,3,0.0014,11.6805054755098
60.0,1,0.0,21.606142709176037
60.0,1,2.3333333333333332e-05,21.584598522549385
60.0,1,4.6666666666666665e-05,21.56222093286626
60.0,1,7e-05,21.53900862677562
60.0,1,9.333333333333333e-05,21.514962089282154
60.0,1,0.00011666666666666667,21.49007792946094
60.0,1,0.00014,21.46435448437206
60.0,1,0.00016333333333333334,21.437791996892162
60.0,1,0.00018666666666666666,21.41038668878148
60.0,1,0.00020999999999999998,21.38213653548429
60.0,1,0.00023333333333333333,21.353041590753694
60.0,1,0.00025666666666666665,21.323097624444216
60.0,1,0.00028,21.292302228413874
60.0,1,0.0003033333333333333,21.260655338108908
60.0,1,0.0003266666666666667,21.228152185873796
60.0,1,0.00035,21.194789943169457
60.0,1,0.0003733333333333333,21.160568536933017
60.0,1,0.00039666666666666664,21.1254825417031
60.0,1,0.00041999999999999996,21.089528647037387
60.0,1,0.00044333333333333334,21.0527069691491
60.0,1,0.00046666666666666666,21.015011245693536
60.0,1,0.00049,20.97643756850332
60.0,1,0.0005133333333333333,20.93698665413706
60.0,1,0.0005366666666666666,20.89665111032086
60.0,1,0.00056,20.855426127887853
60.0,1,0.0005833333333333333,20.813314037592868
60.0,1,0.0006066666666666666,20.770305791499712
60.0,1,0.00063,20.726394315846864
60.0,1,0.0006533333333333333,20.68158691238948
60.0,1,0.0006766666666666667,20.635874067414576
60.0,1,0.0007,20.58923992497643
60.0,2,0.0007,20.58923992497643
60.0,2,0.0007133333333333333,20.5565808508072
60.0,2,0.0007266666666666667,20.517247437947905
60.0,2,0.00074,20.471305853420677
60.0,2,0.0007533333333333333,20.418781272713808
60.0,2,0.0007666666666666667,20.359578431977226
60.0,2,0.00078,20.293707329236433
60.0,2,0.0007933333333333333,20.22119905571069
60.0,2,0.0008066666666666667,20.14200188113963
60.0,2,0.00082,20.056118431339183
60.0,2,0.0008333333333333333,19.963578260353845
60.0,2,0.0008466666666666667,19.864349106161995
60.0,2,0.00086,19.758435881576926
60.0,2,0.0008733333333333334,19.64587058657764
60.0,2,0.0008866666666666667,19.526632553664665
60.0,2,0.0009,19.400730693456715
60.0,2,0.0009133333333333333,19.26820191332053
60.0,2,0.0009266666666666667,19.1290332616983
60.0,2,0.00094,18.98323778617772
60.0,2,0.0009533333333333334,18.8308595129768
60.0,2,0.0009666666666666667,18.67189044035588
60.0,2,0.00098,18.50634713171923
60.0,2,0.0009933333333333333,18.33428396753134
60.0,2,0.0010066666666666666,18.155694968073607
60.0,2,0.00102,17.970598098125663
60.0,2,0.0010333333333333334,17.779065124267024
60.0,2,0.0010466666666666667,17.58108776748549
60.0,2,0.00106,17.376675749165457
60.0,2,0.0010733333333333333,17.165940746347793
60.0,2,0.0010866666666666668,16.948878993638946
60.0,2,0.0011,16.72544553715131
60.0,3,0.0011,16.72544553715131
60.0,3,0.00111,16.53270789066693
60.0,3,0.0011200000000000001,16.33962952028652
60.0,3,0.0011300000000000001,16.14621641599894
60.0,3,0.00114,15.952472231159522
60.0,3,0.00115,15.75839441158658
60.0,3,0.00116,15.563985738324433
60.0,3,0.00117,15.369249743878859
60.0,3,0.00118,15.174185774411518
60.0,3,0.00119,14.978795842476586
60.0,3,0.0012000000000000001,14.783082943618245
60.0,3,0.0012100000000000001,14.587047101202131
60.0,3,0.0012200000000000002,14.39069007720741
60.0,3,0.00123,14.19401453317094
60.0,3,0.00124,13.997020798563929
60.0,3,0.00125,13.79971049717105
60.0,3,0.00126,13.602086062070432
60.0,3,0.00127,13.404147971607395
60.0,3,0.00128,13.20589774750973
60.0,3,0.0012900000000000001,13.00733765304419
60.0,3,0.0013,12.808468234311128
60.0,3,0.00131,12.60929092588046
60.0,3,0.00132,12.409807858284092
60.0,3,0.00133,12.210019597968602
60.0,3,0.00134,12.009927499932912
60.0,3,0.00135,11.809533588435473
60.0,3,0.00136,11.608838419674385
60.0,3,0.0013700000000000001,11.40784327357188
60.0,3,0.0013800000000000002,11.206550089093355
60.0,3,0.0013900000000000002,11.004959390303782
60.0,3,0.0014,10.80307238477831
70.0,1,0.0,20.458779194439256
70.0,1,2.3333333333333332e-05,20.43557026808907
70.0,1,4.6666666666666665e-05,20.411347502311532
70.0,1,7e-05,20.38610928496819
70.0,1,9.333333333333333e-05,20.359856180031073
70.0,1,0.00011666666666666667,20.332584032079296
70.0,1,0.00014,20.304290777481867
70.0,1,0.00016333333333333334,20.274976661430763
70.0,1,0.00018666666666666666,20.244637036019906
70.0,1,0.00020999999999999998,20.21326937974014
70.0,1,0.00023333333333333333,20.180873693549525
70.0,1,0.00025666666666666665,20.147444770599858
70.0,1,0.00028,20.11297961875558
70.0,1,0.0003033333333333333,20.077478096646804
70.0,1,0.0003266666666666667,20.04093435211886
70.0,1,0.00035,20.00334489705918
70.0,1,0.0003733333333333333,19.964709602118255
70.0,1,0.00039666666666666664,19.925021845787157
70.0,1,0.00041999999999999996,19.884277592211472
70.0,1,0.00044333333333333334,19.842476987717532
70.0,1,0.00046666666666666666,19.799612446722055
70.0,1,0.00049,19.755679266605124
70.0,1,0.0005133333333333333,19.710678388578536
70.0,1,0.0005366666666666666,19.664600923374955
70.0,1,0.00056,19.617441145437116
70.0,1,0.0005833333333333333,19.569202030284668
70.0,1,0.0006066666666666666,19.519872747336272
70.0,1,0.00063,19.46944488555835
70.0,1,0.0006533333333333333,19.41792752194139
70.0,1,0.0006766666666666667,19.365309311205756
70.0,1,0.0007,19.31157120977431
70.0,2,0.0007,19.31157120977431
70.0,2,0.0007133333333333333,19.274420249208553
70.0,2,0.0007266666666666667,19.23104545612508
70.0,2,0.00074,19.18150905333921
70.0,2,0.0007533333333333333,19.12583429093131
70.0,2,0.0007666666666666667,19.0639314263417
70.0,2,0.00078,18.995808536502693
70.0,2,0.0007933333333333333,18.921492625575418
70.0,2,0.0008066666666666667,18.84093291527023
70.0,2,0.00082,18.754129270786947
70.0,2,0.0008333333333333333,18.661106244306126
70.0,2,0.0008466666666666667,18.561830400029283
70.0,2,0.00086,18.45630317493778
70.0,2,0.0008733333333333334,18.34455107589124
70.0,2,0.0008866666666666667,18.226551259718786
70.0,2,0.0009,18.102308846887098
70.0,2,0.0009133333333333333,17.971855048407505
70.0,2,0.0009266666666666667,17.835174360330697
70.0,2,0.00094,17.692276007537235
70.0,2,0.0009533333333333334,17.543198201585607
70.0,2,0.0009666666666666667,17.387930324222264
70.0,2,0.00098,17.226485177978375
70.0,2,0.0009933333333333333,17.05891101230229
70.0,2,0.0010066666666666666,16.885199254656673
70.0,2,0.00102,16.705364131024982
70.0,2,0.0010333333333333334,16.519470338686986
70.0,2,0.0010466666666666667,16.32750696198873
70.0,2,0.00106,16.12948013203052
70.0,2,0.0010733333333333333,15.925491781223414
70.0,2,0.0010866666666666668,15.715534579645533
70.0,2,0.0011,15.49956229485458
70.0,3,0.0011,15.49956229485458
70.0,3,0.00111,15.313270851533927
70.0,3,0.0011200000000000001,15.126559774265669
70.0,3,0.0011300000000000001,14.93943625984929
70.0,3,0.00114,14.75190463005354
70.0,3,0.00115,14.563961566998316
70.0,3,0.00116,14.375610323853572
70.0,3,0.00117,14.186855082577981
70.0,3,0.00118,13.99769487576713
70.0,3,0.00119,13.80813202346975
70.0,3,0.0012000000000000001,13.618170061346325
70.0,3,0.0012100000000000001,13.427808872065143
70.0,3,0.0012200000000000002,13.237050485069696
70.0,3,0.00123,13.045898044023899
70.0,3,0.00124,12.854351828776958
70.0,3,0.00125,12.662413719972989
70.0,3,0.00126,12.470086602177787
70.0,3,0.00127,12.27737096133473
70.0,3,0.00128,12.084268575790883
70.0,3,0.0012900000000000001,11.890782144794109
70.0,3,0.0013,11.69691226170141
70.0,3,0.00131,11.50266062172918
70.0,3,0.00132,11.308029784960594
70.0,3,0.00133,11.113020394041465
70.0,3,0.00134,10.917634070411303
70.0,3,0.00135,10.7218732673978
70.0,3,0.00136,10.525738638967026
70.0,3,0.0013700000000000001,10.32923173791272
70.0,3,0.0013800000000000002,10.132354936173181
70.0,3,0.0013900000000000002,9.935108871602845
70.0,3,0.0014,9.737495031220098
80.0,1,0.0,19.08198713228673
80.0,1,2.3333333333333332e-05,19.056774625629345
80.0,1,4.6666666666666665e-05,19.030319398150052
80.0,1,7e-05,19.00261909244692
80.0,1,9.333333333333333e-05,18.973674057628237
80.0,1,0.00011666666666666667,18.94347801703498
80.0,1,0.00014,18.912027279202704
80.0,1,0.00016333333333333334,18.879321026130043
80.0,1,0.00018666666666666666,18.845351562888773
80.0,1,0.00020999999999999998,18.81011380672591
80.0,1,0.00023333333333333333,18.773605813712052
80.0,1,0.00025666666666666665,18.735818309541678
80.0,1,0.00028,18.69674471985495
80.0,1,0.0003033333333333333,18.65638201756385
80.0,1,0.0003266666666666667,18.61471912520045
80.0,1,0.00035,18.571747824476592
80.0,1,0.0003733333333333333,18.527464086393866
80.0,1,0.00039666666666666664,18.481854727915625
80.0,1,0.00041999999999999996,18.43490967901415
80.0,1,0.00044333333333333334,18.38662412974298
80.0,1,0.00046666666666666666,18.336982401076718
80.0,1,0.00049,18.28597230024451
80.0,1,0.0005133333333333333,18.233588855360292
80.0,1,0.0005366666666666666,18.179813385419983
80.0,1,0.00056,18.124631094198147
80.0,1,0.0005833333333333333,18.06803858393971
80.0,1,0.0006066666666666666,18.01001343530743
80.0,1,0.00063,17.950536199675327
80.0,1,0.0006533333333333333,17.88961083441428
80.0,1,0.0006766666666666667,17.82721346852647
80.0,1,0.0007,17.76330967982841
80.0,2,0.0007,17.76330967982841
80.0,2,0.0007133333333333333,17.719719141196318
80.0,2,0.0007266666666666667,17.67057420290549
80.0,2,0.00074,17.61591023953805
80.0,2,0.0007533333333333333,17.55572885850741
80.0,2,0.0007666666666666667,17.489932478841308
80.0,2,0.00078,17.418512093187708
80.0,2,0.0007933333333333333,17.341477216871127
80.0,2,0.0008066666666666667,17.25876997473856
80.0,2,0.00082,17.170379329253095
80.0,2,0.0008333333333333333,17.076317862370942
80.0,2,0.0008466666666666667,16.97654817002164
80.0,2,0.00086,16.87106539938797
80.0,2,0.0008733333333333334,16.75988838076056
80.0,2,0.0008866666666666667,16.642993375234713
80.0,2,0.0009,16.52038285166072
80.0,2,0.0009133333333333333,16.392083729581795
80.0,2,0.0009266666666666667,16.258082600252692
80.0,2,0.00094,16.11838935464613
80.0,2,0.0009533333333333334,15.97304093560123
80.0,2,0.0009666666666666667,15.822032129871562
80.0,2,0.00098,15.665379988506995
80.0,2,0.0009933333333333333,15.50313455075874
80.0,2,0.0010066666666666666,15.335296791236917
80.0,2,0.00102,15.161889647190838
80.0,2,0.0010333333333333334,14.982982666520664
80.0,2,0.0010466666666666667,14.79857973841615
80.0,2,0.00106,14.608701602871214
80.0,2,0.0010733333333333333,14.41345579119562
80.0,2,0.0010866666666666668,14.212853705104022
80.0,2,0.0011,14.006872984232485
80.0,3,0.0011,14.006872984232485
80.0,3,0.00111,13.829248993460507
80.0,3,0.0011200000000000001,13.65105770645161
80.0,3,0.0011300000000000001,13.4723104925234
80.0,3,0.00114,13.29301480915801
80.0,3,0.00115,13.113167735594677
80.0,3,0.00116,12.93277523230732
80.0,3,0.00117,12.751844485288407
80.0,3,0.00118,12.570375659748878
80.0,3,0.00119,12.388373332801104
80.0,3,0.0012000000000000001,12.205843679571773
80.0,3,0.0012100000000000001,12.022787868118764
80.0,3,0.0012200000000000002,11.839209918425547
80.0,3,0.00123,11.65511529904458
80.0,3,0.00124,11.470505530942427
80.0,3,0.00125,11.285384237898121
80.0,3,0.00126,11.099756335310794
80.0,3,0.00127,10.913623415685706
80.0,3,0.00128,10.726988751583828
80.0,3,0.0012900000000000001,10.539856791194168
80.0,3,0.0013,10.352229054338943
80.0,3,0.00131,10.164108481186343
80.0,3,0.00132,9.975499111004908
80.0,3,0.00133,9.78640231031031
80.0,3,0.00134,9.596820699778831
80.0,3,0.00135,9.406757955544272
80.0,3,0.00136,9.216215242418526
80.0,3,0.0013700000000000001,9.025194872480892
80.0,3,0.0013800000000000002,8.833700197579565
80.0,3,0.0013900000000000002,8.641732148310597
80.0,3,0.0014,8.449292736685484
90.0,1,0.0,16.279123874663426
90.0,1,2.3333333333333332e-05,16.248801457566575
90.0,1,4.6666666666666665e-05,16.214702815692227
90.0,1,7e-05,16.176821644357094
90.0,1,9.333333333333333e-05,16.135159535706368
90.0,1,0.00011666666666666667,16.089700348204882
90.0,1,0.00014,16.040435546696187
90.0,1,0.00016333333333333334,15.987365026797404
90.0,1,0.00018666666666666666,15.93047035664603
90.0,1,0.00020999999999999998,15.869740903023157
90.0,1,0.00023333333333333333,15.805175332739916
90.0,1,0.00025666666666666665,15.736752900719779
90.0,1,0.00028,15.664461085212244
90.0,1,0.0003033333333333333,15.588297991359768
90.0,1,0.0003266666666666667,15.508240557164903
90.0,1,0.00035,15.424274621793666
90.0,1,0.0003733333333333333,15.336398668563952
90.0,1,0.00039666666666666664,15.244587239921817
90.0,1,0.00041999999999999996,15.148824735596163
90.0,1,0.00044333333333333334,15.049111389999464
90.0,1,0.00046666666666666666,14.945419007895936
90.0,1,0.00049,14.83773046536568
90.0,1,0.0005133333333333333,14.726049998859791
90.0,1,0.0005366666666666666,14.610345679465158
90.0,1,0.00056,14.490597732825062
90.0,1,0.0005833333333333333,14.366819119595892
90.0,1,0.0006066666666666666,14.23897182282857
90.0,1,0.00063,14.107027145791077
90.0,1,0.0006533333333333333,13.971021694749721
90.0,1,0.0006766666666666667,13.830916355732938
90.0,1,0.0007,13.686643539828024
90.0,2,0.0007,13.686643539828024
90.0,2,0.0007133333333333333,13.591600255534942
90.0,2,0.0007266666666666667,13.494500987421986
90.0,2,0.00074,13.39536874781129
90.0,2,0.0007533333333333333,13.29421307051411
90.0,2,0.0007666666666666667,13.191005681336536
90.0,2,0.00078,13.08575059999157
90.0,2,0.0007933333333333333,12.97845736197593
90.0,2,0.0008066666666666667,12.869109164364318
90.0,2,0.00082,12.757705890532021
90.0,2,0.0008333333333333333,12.64425488581352
90.0,2,0.0008466666666666667,12.528743641517988
90.0,2,0.00086,12.41117117723759
90.0,2,0.0008733333333333334,12.291544175626813
90.0,2,0.0008866666666666667,12.169852250711827
90.0,2,0.0009,12.046094316517118
90.0,2,0.0009133333333333333,11.920277372105115
90.0,2,0.0009266666666666667,11.792392119290628
90.0,2,0.00094,11.662437545598692
90.0,2,0.0009533333333333334,11.530421788253987
90.0,2,0.0009666666666666667,11.39633583954072
90.0,2,0.00098,11.26017859759617
90.0,2,0.0009933333333333333,11.121960403766993
90.0,2,0.0010066666666666666,10.98167157227968
90.0,2,0.00102,10.839310154682192
90.0,2,0.0010333333333333334,10.694890910011129
90.0,2,0.0010466666666666667,10.548401933712631
90.0,2,0.00106,10.399837106697108
90.0,2,0.0010733333333333333,10.24922289296012
90.0,2,0.0010866666666666668,10.096547391626807
90.0,2,0.0011,9.941785206827264
90.0,3,0.0011,9.941785206827264
90.0,3,0.00111,9.808474370347662
90.0,3,0.0011200000000000001,9.673514552264171
90.0,3,0.0011300000000000001,9.536929503445018
90.0,3,0.00114,9.398731743362855
90.0,3,0.00115,9.258903905311243
90.0,3,0.00116,9.117454443807736
90.0,3,0.00117,8.974395539207233
90.0,3,0.00118,8.829719293288967
90.0,3,0.00119,8.683430806885271
90.0,3,0.0012000000000000001,8.535540073928443
90.0,3,0.0012100000000000001,8.386042914126953
90.0,3,0.0012200000000000002,8.234943712976182
90.0,3,0.00123,8.082251385302248
90.0,3,0.00124,7.927963794551866
90.0,3,0.00125,7.772085256973498
90.0,3,0.00126,7.614624209164299
90.0,3,0.00127,7.455579879379557
90.0,3,0.00128,7.294956756984569
90.0,3,0.0012900000000000001,7.132763140292899
90.0,3,0.0013,6.968999277735734
90.0,3,0.00131,6.803669940967577
90.0,3,0.00132,6.63678349767902
90.0,3,0.00133,6.46834100900473
90.0,3,0.00134,6.298347580191823
90.0,3,0.00135,6.126811785096754
90.0,3,0.00136,5.9537353544460885
90.0,3,0.0013700000000000001,5.779123749502231
90.0,3,0.0013800000000000002,5.602985849304781
90.0,3,0.0013900000000000002,5.4253239441684595
90.0,3,0.0014,5.246143858523157
100.0,1,0.0,11.53721684068012
100.0,1,2.3333333333333332e-05,11.500444591145474
100.0,1,4.6666666666666665e-05,11.460015074010109
100.0,1,7e-05,11.415923730749606
100.0,1,9.333333333333333e-05,11.36817393600083
100.0,1,0.00011666666666666667,11.316754367344016
100.0,1,0.00014,11.261661360151983
100.0,1,0.00016333333333333334,11.202899620440872
100.0,1,0.00018666666666666666,11.140458588757161
100.0,1,0.00020999999999999998,11.074335478561462
100.0,1,0.00023333333333333333,11.004536576623018
100.0,1,0.00025666666666666665,10.9310518728667
100.0,1,0.00028,10.85387942147773
100.0,1,0.0003033333333333333,10.773027428797235
100.0,1,0.0003266666666666667,10.688486154510468
100.0,1,0.00035,10.60025441264956
100.0,1,0.0003733333333333333,10.508342834784798
100.0,1,0.00039666666666666664,10.412741536378608
100.0,1,0.00041999999999999996,10.31344990470458
100.0,1,0.00044333333333333334,10.210481830045733
100.0,1,0.00046666666666666666,10.103826590933657
100.0,1,0.00049,9.99348367372899
100.0,1,0.0005133333333333333,9.879471808824649
100.0,1,0.0005366666666666666,9.761778151442304
100.0,1,0.00056,9.640400886929031
100.0,1,0.0005833333333333333,9.515367353351177
100.0,1,0.0006066666666666666,9.38666011235361
100.0,1,0.00063,9.254270130853444
100.0,1,0.0006533333333333333,9.118246155637898
100.0,1,0.0006766666666666667,8.978570204086719
100.0,1,0.0007,8.835199229282471
100.0,2,0.0007,8.835199229282473
100.0,2,0.0007133333333333333,8.74092763126198
100.0,2,0.0007266666666666667,8.644846412865357
100.0,2,0.00074,8.54698054427965
100.0,2,0.0007533333333333333,8.447343447516566
100.0,2,0.0007666666666666667,8.345915227635405
100.0,2,0.00078,8.24270401744591
100.0,2,0.0007933333333333333,8.13772309950055
100.0,2,0.0008066666666666667,8.030962622580995
100.0,2,0.00082,7.92242692680126
100.0,2,0.0008333333333333333,7.812127149293597
100.0,2,0.0008466666666666667,7.700057088859779
100.0,2,0.00086,7.586220124781984
100.0,2,0.0008733333333333334,7.47062653448478
100.0,2,0.0008866666666666667,7.35327180860762
100.0,2,0.0009,7.234158995618525
100.0,2,0.0009133333333333333,7.113298326418256
100.0,2,0.0009266666666666667,6.990686052971911
100.0,2,0.00094,6.866325036045685
100.0,2,0.0009533333333333334,6.740226144990161
100.0,2,0.0009666666666666667,6.612385705554432
100.0,2,0.00098,6.4828062660661026
100.0,2,0.0009933333333333333,6.351500234359917
100.0,2,0.0010066666666666666,6.218463217204052
100.0,2,0.00102,6.083696857905434
100.0,2,0.0010333333333333334,5.947216967087976
100.0,2,0.0010466666666666667,5.809017199513254
100.0,2,0.00106,5.669095610857013
100.0,2,0.0010733333333333333,5.527477474607768
100.0,2,0.0010866666666666668,5.384156382894846
100.0,2,0.0011,5.239114442730741
100.0,3,0.0011,5.239114442730741
100.0,3,0.00111,5.114309029022556
100.0,3,0.0011200000000000001,4.988147653708064
100.0,3,0.0011300000000000001,4.860651096732226
100.0,3,0.00114,4.731830883832747
100.0,3,0.00115,4.6016739277194985
100.0,3,0.00116,4.470188373397059
100.0,3,0.00117,4.337385407910209
100.0,3,0.00118,4.203259663716806
100.0,3,0.00119,4.067816439248902
100.0,3,0.0012000000000000001,3.931065023532074
100.0,3,0.0012100000000000001,3.7930029993507377
100.0,3,0.0012200000000000002,3.653634956388371
100.0,3,0.00123,3.5129691662784532
100.0,3,0.00124,3.371004756476299
100.0,3,0.00125,3.227746115074485
100.0,3,0.00126,3.0832009693538374
100.0,3,0.00127,2.937369414162324
100.0,3,0.00128,2.7902558199112826
100.0,3,0.0012900000000000001,2.641867636508119
100.0,3,0.0013,2.492205632286715
100.0,3,0.00131,2.3412742419080317
100.0,3,0.00132,2.189080802984708
100.0,3,0.00133,2.035626582568593
100.0,3,0.00134,1.8809161193571382
100.0,3,0.00135,1.7249567501250742
100.0,3,0.00136,1.5677501227891533
100.0,3,0.0013700000000000001,1.4093008993032548
100.0,3,0.0013800000000000002,1.2496164984813902
100.0,3,0.0013900000000000002,1.088698860372304
100.0,3,0.0014,0.9265527781392376
103.5,1,0.0,9.973296066804297
103.5,1,2.3333333333333332e-05,9.934453023458993
103.5,1,4.6666666666666665e-05,9.892104719230993
103.5,1,7e-05,9.846246829753426
103.5,1,9.333333333333333e-05,9.796882640338264
103.5,1,0.00011666666666666667,9.74400142590748
103.5,1,0.00014,9.687599807655314
103.5,1,0.00016333333333333334,9.627682433807196
103.5,1,0.00018666666666666666,9.564239398357868
103.5,1,0.00020999999999999998,9.497268250551642
103.5,1,0.00023333333333333333,9.426775236756697
103.5,1,0.00025666666666666665,9.35275106238042
103.5,1,0.00028,9.275194164828108
103.5,1,0.0003033333333333333,9.19411270753235
103.5,1,0.0003266666666666667,9.109497734837468
103.5,1,0.00035,9.021348489137667
103.5,1,0.0003733333333333333,8.929675527544926
103.5,1,0.00039666666666666664,8.834469830802245
103.5,1,0.00041999999999999996,8.735731260400929
103.5,1,0.00044333333333333334,8.633473555188319
103.5,1,0.00046666666666666666,8.527686961672762
103.5,1,0.00049,8.418371497935885
103.5,1,0.0005133333333333333,8.305545585123184
103.5,1,0.0005366666666666666,8.189197495554918
103.5,1,0.00056,8.069326054488839
103.5,1,0.0005833333333333333,7.945957952058222
103.5,1,0.0006066666666666666,7.819077112836673
103.5,1,0.00063,7.688675501533814
103.5,1,0.0006533333333333333,7.5548002914654875
103.5,1,0.0006766666666666667,7.417434911764289
103.5,1,0.0007,7.276538850396746
103.5,2,0.0007,7.276538850396746
103.5,2,0.0007133333333333333,7.183933483613859
103.5,2,0.0007266666666666667,7.089599501826111
103.5,2,0.00074,6.9935609595600186
103.5,2,0.0007533333333333333,6.895830895909668
103.5,2,0.0007666666666666667,6.796390523788879
103.5,2,0.00078,6.695247810980118
103.5,2,0.0007933333333333333,6.592415659868402
103.5,2,0.0008066666666666667,6.487884878802665
103.5,2,0.00082,6.3816598100552415
103.5,2,0.0008333333333333333,6.273751301469361
103.5,2,0.0008466666666666667,6.164153647531207
103.5,2,0.00086,6.052870269309595
103.5,2,0.0008733333333333334,5.939911186772658
103.5,2,0.0008866666666666667,5.825272308891157
103.5,2,0.0009,5.708956736392957
103.5,2,0.0009133333333333333,5.590974436408327
103.5,2,0.0009266666666666667,5.471322042948442
103.5,2,0.00094,5.350002472506012
103.5,2,0.0009533333333333334,5.2270262917005965
103.5,2,0.0009666666666666667,5.102390203141192
103.5,2,0.00098,4.976096820242608
103.5,2,0.0009933333333333333,4.848158166234163
103.5,2,0.0010066666666666666,4.718570256941384
103.5,2,0.00102,4.587334839045654
103.5,2,0.0010333333333333334,4.454467167889987
103.5,2,0.0010466666666666667,4.319961399150531
103.5,2,0.00106,4.183815860353294
103.5,2,0.0010733333333333333,4.046054809054924
103.5,2,0.0010866666666666668,3.9066723405860238
103.5,2,0.0011,3.765651598678707
103.5,3,0.0011,3.765651598678707
103.5,3,0.00111,3.644325806357459
103.5,3,0.0011200000000000001,3.5217093577648586
103.5,3,0.0011300000000000001,3.397822117846535
103.5,3,0.00114,3.272675141829216
103.5,3,0.00115,3.1462560548368237
103.5,3,0.00116,3.0185726917938434
103.5,3,0.00117,2.8896357818148433
103.5,3,0.00118,2.7594402938788383
103.5,3,0.00119,2.627991347841701
103.5,3,0.0012000000000000001,2.495297859886299
103.5,3,0.0012100000000000001,2.3613576004590366
103.5,3,0.0012200000000000002,2.226175007110313
103.5,3,0.00123,2.0897580192757785
103.5,3,0.00124,1.9521058688947772
103.5,3,0.00125,1.8132227922068227
103.5,3,0.00126,1.6731162005798403
103.5,3,0.00127,1.531786236488446
103.5,3,0.00128,1.3892371086370554
103.5,3,0.0012900000000000001,1.2454759533283326
103.5,3,0.0013,1.1005035428124412
103.5,3,0.00131,0.9543241353964189
103.5,3,0.00132,0.806944748731799
103.5,3,0.00133,0.6583666178760965
103.5,3,0.00134,0.508594088113417
103.5,3,0.00135,0.357634164138814
103.5,3,0.00136,0.20548843131905192
103.5,3,0.0013700000000000001,0.0521613399752906
103.5,3,0.0013800000000000002,-0.1023400394289668
103.5,3,0.0013900000000000002,-0.25801385578680486
103.5,3,0.0014,-0.4148555462187105
