temperature_C,dsc_raw_mW_per_mg,exothermic_power_raw_W_per_kg,endpoint_linear_baseline_W_per_kg,exothermic_power_corrected_W_per_kg,solidification_progress_raw,solidification_progress_corrected,normalized_capacity_weight_per_C
14.05,-0.40386,403.86,403.86,0.0,1.0,1.0,0.0
14.084,-0.40899,408.99,403.8502272727273,5.139772727272714,0.9994516111517487,0.9999957138006729,0.00025212937218642396
14.118,-0.41436,414.36,403.8404545454546,10.519545454545437,0.9988961384837192,0.999982655060021,0.0005160318426274964
14.152,-0.41999,419.98999999999995,403.83068181818186,16.159318181818094,0.9983332446711604,0.999960406814148,0.0007926885028444342
14.187,-0.42588,425.88,403.82062165775403,22.059378342245964,0.9977457946088355,0.9999275977799251,0.0010821134527488157
14.221,-0.43206,432.06,403.8108489304813,28.24915106951869,0.9971669858145085,0.9998856440990218,0.0013857501297993252
14.254,-0.43853,438.53,403.80136363636365,34.728636363636326,0.9965969175013413,0.9998346698460693,0.0017035985339959657
14.288,-0.4453,445.29999999999995,403.7915909090909,41.508409090909026,0.9960006420313899,0.9997710936550057,0.0020361774109224837
14.322,-0.45239,452.39,403.7818181818182,48.60818181818178,0.9953950159193314,0.9996959429252329,0.0023844537521885345
14.356,-0.45981,459.81,403.7720454545455,56.03795454545451,0.9947796006429892,0.9996086756036853,0.002748918103554726
14.39,-0.46758,467.58,403.7622727272727,63.81772727272727,0.994153937440701,0.9995087246194636,0.00313055155654228
14.425,-0.4757,475.7,403.75221256684495,71.94778743315504,0.9934988368994954,0.9993921760235305,0.0035293682110627608
14.46,-0.48418,484.18,403.7421524064171,80.43784759358289,0.9928322077888467,0.9992613598008601,0.003945844512965218
14.493,-0.49305,493.05,403.73266711229945,89.31733288770056,0.9921923108710364,0.9991239598720509,0.00438142389970834
14.527,-0.50231,502.31000000000006,403.72289438502673,98.58710561497332,0.9915207917420515,0.9989672611383484,0.004836148671026833
14.562,-0.51198,511.98,403.71283422459896,108.26716577540105,0.9908163753143316,0.9987896860380326,0.005310999918441914
14.595,-0.52208,522.08,403.7033489304813,118.37665106951874,0.9901392657220853,0.9986062404182218,0.005806916433740108
14.631,-0.5326,532.5999999999999,403.6930013368984,128.9069986631015,0.9893858711294553,0.9983878933153414,0.0063234781707186315
14.665,-0.54358,543.5799999999999,403.6832286096257,139.89677139037423,0.9886598268276638,0.9981637303806206,0.006862576812862102
14.698,-0.55501,555.01,403.67374331550803,151.33625668449196,0.9879404625480805,0.997928006220622,0.007423735914321472
14.733,-0.56692,566.92,403.6636831550802,163.25631684491975,0.9871612909869376,0.9976579426274095,0.00800846941211327
14.767,-0.57931,579.31,403.6539104278075,175.65608957219246,0.9863879874874837,0.997375314152293,0.008616735006502795
14.801,-0.5922,592.1999999999999,403.64413770053477,188.55586229946516,0.9855976288486019,0.9970715876830707,0.009249527888922839
14.835,-0.6056,605.6,403.63436497326205,201.96563502673797,0.9847895336742949,0.9967459209526718,0.009907338605134012
14.87,-0.61951,619.51,403.6243048128342,215.88569518716577,0.9839387044146514,0.9963872143551186,0.010590181255047878
14.904,-0.63395,633.95,403.6145320855615,230.33546791443854,0.9830930582490252,0.9960150981253667,0.011299008730362523
14.939,-0.64893,648.9300000000001,403.6044719251337,245.32552807486638,0.9822021081787363,0.9956067645264937,0.012034339776661697
14.973,-0.66446,664.46,403.59469919786096,260.8653008021391,0.9813160302684149,0.9951846379257124,0.012796636739882867
15.005,-0.68054,680.5400000000001,403.5855013368984,276.9544986631017,0.9804620033685549,0.9947625175695525,0.013585885520114471
15.04,-0.69718,697.1800000000001,403.5754411764706,293.6045588235295,0.9795051876641724,0.9942727182476037,0.014402647162674958
15.075,-0.71439,714.39,403.5653810160428,310.8246189839572,0.9785248634010164,0.993753842948769,0.015247369913590226
15.11,-0.73217,732.17,403.555320855615,328.614679144385,0.977520238858053,0.9932049130342561,0.016120053772860292
15.144,-0.75052,750.52,403.54554812834226,346.9744518716577,0.976519942786928,0.9926415204812277,0.017020684640573578
15.178,-0.76945,769.4499999999999,403.53577540106954,365.9142245989304,0.9754944957823434,0.9920470228005771,0.017949767162402257
15.211,-0.78895,788.95,403.5262901069519,385.42370989304817,0.9744740447557524,0.9914388894969683,0.018906796692674168
15.246,-0.80903,809.03,403.5162299465241,405.51377005347587,0.9733642602136906,0.9907599051985011,0.019892306076884605
15.281,-0.82968,829.68,403.5061697860963,426.17383021390367,0.9722261890069659,0.9900459387521902,0.020905776569449835
15.314,-0.8509,850.9,403.4966844919786,447.40331550802136,0.9711257336769683,0.9893388649692801,0.02194717997054672
15.35,-0.87268,872.6800000000001,403.48633689839573,469.19366310160433,0.9698945205583303,0.9885295259975989,0.02301609623397249
15.383,-0.89502,895.02,403.47685160427807,491.5431483957219,0.9687370184537969,0.9877519051371941,0.024112440760257727
15.417,-0.91791,917.91,403.46707887700535,514.4429211229947,0.9675139261309078,0.9869129853944139,0.025235779403288104
15.45,-0.94133,941.33,403.45759358288774,537.8724064171123,0.9662964830054722,0.9860612408368762,0.02638510287171926
15.485,-0.96528,965.28,403.4475334224599,561.8324665775401,0.9649723573557517,0.9851171936009785,0.0275604534652859
15.52,-0.98973,989.73,403.4374732620321,586.2925267379679,0.963614618286692,0.9841315798667655,0.028760331346883057
15.553,-1.01468,1014.6800000000001,403.4279879679145,611.2520120320855,0.9623021168479028,0.9831622867123165,0.02998470831668759
15.588,-1.0401,1040.1000000000001,403.41792780748665,636.6820721925135,0.9608750882985234,0.9820909913568759,0.031232169137063958
15.621,-1.06598,1065.98,403.408442513369,662.571557486631,0.9594960126452361,0.9810393748128813,0.03250216686260525
15.657,-1.0923,1092.3,403.3980949197861,688.9019050802139,0.957954278203148,0.9798460475731302,0.033793790901348104
15.691,-1.11902,1119.02,403.3883221925134,715.6316778074865,0.9564624122648874,0.9786747679821054,0.03510500857069224
15.724,-1.14613,1146.13,403.3788368983957,742.7511631016043,0.9549791764827503,0.97749435217418,0.03643534342478861
15.758,-1.1736,1173.6,403.369064171123,770.2309358288769,0.9534141717919045,0.9762326343515135,0.03778335202617851
15.793,-1.20139,1201.3899999999999,403.3590040106952,798.0309959893048,0.9517647599159417,0.9748863519276987,0.039147072191819524
15.828,-1.22949,1229.49,403.3489438502674,826.1410561497325,0.9500765328745475,0.9734920731770111,0.04052599927603945
15.86,-1.25786,1257.86,403.33974598930484,854.520254010695,0.9484971545776206,0.9721729671278574,0.041918128796061147
15.894,-1.28646,1286.46,403.3299732620321,883.1300267379679,0.9467806303549684,0.9707238922641614,0.04332156906840003
15.928,-1.31527,1315.27,403.32020053475935,911.9497994652406,0.9450253745043674,0.9692269253063694,0.044735310801711725
15.96,-1.34425,1344.25,403.3110026737968,940.9389973262032,0.9433366744146162,0.967772642515732,0.04615736361313066
15.996,-1.37335,1373.3500000000001,403.3006550802139,970.0493449197862,0.9413953982503473,0.9660852735019759,0.04758535937332319
16.029,-1.40256,1402.56,403.29116978609625,999.2688302139037,0.9395777133111635,0.9644913063765032,0.04901870883714772
16.064,-1.43182,1431.8200000000002,403.2811096256685,1028.5388903743317,0.9376092586932528,0.9627505245353352,0.05045453922959846
16.097,-1.4611,1461.1000000000001,403.2716243315508,1057.8283756684493,0.9357149548021815,0.9610618178165699,0.05189132251374727
16.131,-1.49037,1490.37,403.2618516042781,1087.1081483957219,0.9337237470345141,0.9592730956348514,0.05332762935204703
16.166,-1.51957,1519.5700000000002,403.25179144385027,1116.3182085561498,0.9316333673773637,0.9573815530829667,0.0547605164699341
16.199,-1.54869,1548.6899999999998,403.24230614973266,1145.4476938502671,0.9296242496496635,0.9555508786193513,0.05618945102191313
16.234,-1.57767,1577.6699999999998,403.23224598930483,1174.437754010695,0.9274530172181438,0.953559361169139,0.05761154613306677
16.266,-1.60648,1606.48,403.22304812834227,1203.2569518716577,0.9254311958403084,0.9516931722763453,0.059025259666555335
16.3,-1.63508,1635.0800000000002,403.21327540106955,1231.8667245989307,0.9232442789984091,0.9496624549630526,0.06042869993889422
16.334,-1.66343,1663.43,403.20350267379683,1260.2264973262031,0.9210189408673326,0.9475842291624488,0.061819876567217824
16.369,-1.6915,1691.5,403.193442513369,1288.306557486631,0.9186889683684909,0.9453964280122746,0.06319733201415592
16.401,-1.71926,1719.26,403.18424465240645,1316.0757553475935,0.9165232577447243,0.9433523180881637,0.06455953824278039
16.434,-1.74666,1746.66,403.1747593582888,1343.4852406417112,0.914253749517002,0.9411996680749127,0.06590409892393446
16.47,-1.77368,1773.6799999999998,403.1644117647059,1370.515588235294,0.9117390482614376,0.9388032531932956,0.06723006116592005
16.502,-1.80028,1800.2800000000002,403.15521390374334,1397.124786096257,0.9094697114740597,0.9366310063892599,0.06853536408631374
16.536,-1.82644,1826.44,403.1454411764706,1423.2945588235293,0.9070229466297093,0.9342789803095103,0.06981911119306368
16.569,-1.85213,1852.13,403.13595588235296,1448.9940441176473,0.9046141937210296,0.9319541484637638,0.0710797885491534
16.603,-1.87732,1877.3200000000002,403.12618315508024,1474.1938168449199,0.902098122133269,0.9295164208622371,0.07231595271712414
16.638,-1.90199,1901.99,403.1161229946524,1498.8738770053476,0.8994734210621298,0.9269641757940918,0.07352662260545471
16.67,-1.92611,1926.11,403.10692513368986,1523.00307486631,0.8970427144633538,0.924592385509569,0.07471027017721701
16.705,-1.94967,1949.67,403.09686497326203,1546.573135026738,0.8943510157359409,0.921957292215461,0.07586648948611988
16.738,-1.97264,1972.6399999999999,403.0873796791444,1569.5526203208556,0.8917826602007072,0.9194350984554172,0.07699373839532356
16.773,-1.99503,1995.03,403.0773195187166,1591.9526804812833,0.8890271445909987,0.9167210881661199,0.07809256385023498
16.806,-2.0168,2016.8,403.0678342245989,1613.732165775401,0.8864001707447405,0.9141264052326662,0.07916094726816543
16.841,-2.03796,2037.96,403.05777406417116,1634.902225935829,0.8835841718149854,0.9113375985325691,0.08019943559452179
16.873,-2.05849,2058.49,403.0485762032086,1655.4414237967912,0.880983072562992,0.9087550959272451,0.08120697723822498
16.909,-2.07839,2078.3900000000003,403.03822860962566,1675.3517713903748,0.8780279553498479,0.9058140642607814,0.08218367089865604
16.94,-2.09767,2097.67,403.0293181818182,1694.6406818181817,0.8754591706184746,0.9032517042184054,0.08312988022237135
16.975,-2.11631,2116.31,403.0192580213904,1713.2907419786095,0.8725325946509674,0.9003261481717154,0.0840447510170539
17.01,-2.13432,2134.32,403.00919786096256,1731.3108021390376,0.8695805655467085,0.8973691124739126,0.08492871742881802
17.045,-2.15172,2151.7200000000003,402.9991377005348,1748.7208622994654,0.8666039444759454,0.8943816616092976,0.08578276054918489
17.077,-2.1685,2168.5,402.98993983957223,1765.5100601604277,0.8638607592764562,0.8916234358799879,0.0866063475326592
17.112,-2.18469,2184.6899999999996,402.9798796791444,1781.7101203208551,0.8608375030588209,0.8885783066923868,0.0874010346159922
17.145,-2.20029,2200.29,402.97039438502674,1797.3196056149732,0.8579661880289307,0.8856814382247791,0.0881667512996261
17.179,-2.21532,2215.32,402.960621657754,1812.3593783422461,0.8549871989384132,0.8826712265961136,0.08890452097481677
17.213,-2.22979,2229.79,402.9508489304813,1826.8391510695187,0.8519883076875665,0.8796363977980555,0.08961482008741324
17.249,-2.24374,2243.74,402.9405013368984,1840.7994986631013,0.8487927096749298,0.8763979375341172,0.0902996390202811
17.282,-2.25718,2257.18,402.93101604278075,1854.248983957219,0.8458454763365033,0.8734071634262587,0.09095939781962314
17.315,-2.27014,2270.14,402.9215307486631,1867.2184692513367,0.8428809560967022,0.8703950057902642,0.0915956104224559
17.349,-2.28265,2282.6499999999996,402.91175802139037,1879.7382419786093,0.8398094185874075,0.8672703144494609,0.09220976256597273
17.382,-2.29473,2294.73,402.90227272727276,1891.8277272727273,0.8368121187156818,0.8642176070492813,0.0928028071418718
17.416,-2.30643,2306.4300000000003,402.89250000000004,1903.5375000000004,0.8337079484099427,0.8610525465015304,0.09337722507877921
17.451,-2.31776,2317.7599999999998,402.8824398395722,1914.8775601604275,0.8304964848236924,0.8577746086915088,0.09393350692245558
17.486,-2.32876,2328.7599999999998,402.8723796791444,1925.8876203208554,0.8272695132280652,0.8544774843071352,0.09447360075603185
17.52,-2.33948,2339.48,402.86260695187167,1936.6173930481284,0.8241200874336863,0.85125643402574,0.09499994520839947
17.554,-2.34994,2349.94,402.85283422459895,1947.087165775401,0.8209563725628408,0.8480177048541905,0.09551353547099119
17.588,-2.36018,2360.1800000000003,402.84306149732623,1957.336938502674,0.8177786924472895,0.8447616970778269,0.0960163337268495
17.622,-2.37025,2370.25,402.8332887700535,1967.4167112299465,0.8145873102003391,0.8414887359284894,0.09651079270477743
17.657,-2.38018,2380.1800000000003,402.8232286096257,1977.3567713903747,0.8112881739269527,0.8381023250886713,0.0969983981419684
17.691,-2.39002,2390.02,402.81345588235297,1987.206544117647,0.8080699608692808,0.8347961655526122,0.09748157456740227
17.725,-2.39979,2399.79,402.80368315508025,1996.9863168449197,0.8048385179348613,0.8314736363930334,0.09796131717251189
17.76,-2.40955,2409.5499999999997,402.7936229946524,2006.7563770053473,0.8014984691297955,0.8280366031342085,0.09844058333177245
17.795,-2.41934,2419.34,402.7835628342246,2016.5564371657756,0.7981448430034884,0.8245827698061569,0.09892132112831489
17.829,-2.42919,2429.19,402.7737901069519,2026.4162098930483,0.7948737846502719,0.8212112225492839,0.09940498809950939
17.862,-2.43914,2439.14,402.7643048128342,2036.3756951871655,0.7916859687196486,0.8179227967295737,0.0998935464283984
17.897,-2.44923,2449.23,402.75424465240644,2046.4757553475936,0.7882910342011452,0.8144178521566159,0.10038900059775914
17.93,-2.4595,2459.5,402.7447593582888,2056.755240641711,0.7850767640729637,0.8110966949163014,0.1008932563909877
17.965,-2.46999,2469.9900000000002,402.734699197861,2067.255300802139,0.7816532720378646,0.8075564171126206,0.10140833239077283
17.999,-2.48074,2480.74,402.72492647058823,2078.0150735294114,0.7783132645054744,0.8040995609378104,0.10193614848042225
18.032,-2.49178,2491.7799999999997,402.7154411764706,2089.0645588235293,0.77505722424704,0.8007267245789792,0.10247817629721782
18.066,-2.50313,2503.13,402.7056684491979,2100.424331550802,0.7716874106996217,0.797232993354674,0.10303542513250387
18.102,-2.51485,2514.85,402.69532085561497,2112.1546791443848,0.7681028931227971,0.7935133603597951,0.10361085236075564
18.136,-2.52695,2526.95,402.68554812834225,2124.2644518716575,0.764701445260198,0.7899804927034849,0.10420489212808746
18.17,-2.53946,2539.46,402.67577540106953,2136.7842245989305,0.7612833942733378,0.7864270857846899,0.10481904427160432
18.205,-2.5524,2552.4,402.6657152406417,2149.734284759358,0.7577471375502615,0.7827473021902394,0.10545430398273899
18.238,-2.56582,2565.82,402.6562299465241,2163.163770053476,0.7543956919308322,0.7792564403266298,0.10611308169055983
18.271,-2.57971,2579.71,402.6467446524064,2177.0632553475934,0.7510263635357765,0.7757434583804248,0.10679491504912932
18.306,-2.59411,2594.11,402.6366844919786,2191.4733155080216,0.747433186237306,0.771993265964342,0.10750179444131311
18.341,-2.60902,2609.02,402.62662433155083,2206.393375668449,0.7438196533743557,0.7682178949574415,0.108233691667288
18.377,-2.62447,2624.4700000000003,402.61627673796795,2221.8537232620324,0.7400811895117787,0.7643078308430742,0.10899209246424743
18.41,-2.64046,2640.46,402.6067914438503,2237.8532085561496,0.7366336771764157,0.760698141800277,0.10977694043254509
18.445,-2.65699,2656.99,402.59673128342246,2254.3932687165775,0.7329546398152817,0.7568417499864519,0.11058830607173886
18.478,-2.67409,2674.09,402.58724598930485,2271.5027540106953,0.729463812005452,0.753178487460047,0.1114276046194643
18.51,-2.69173,2691.73,402.5780481283423,2289.1519518716577,0.7260567081989044,0.749598951729522,0.11229337853835111
18.546,-2.70994,2709.94,402.56770053475935,2307.3722994652408,0.7221981075151225,0.7455403018564576,0.11318716996523899
18.581,-2.72869,2728.69,402.5576403743316,2326.1323596256684,0.718421021754354,0.7415626462387083,0.11410743676328824
18.615,-2.74799,2747.9900000000002,402.54786764705887,2345.4421323529414,0.7147261823160307,0.737666890432602,0.11505466947825953
18.65,-2.76782,2767.82,402.53780748663104,2365.282192513369,0.7108954956522744,0.7336229452004095,0.1160279152184547
18.682,-2.78817,2788.17,402.5286096256685,2385.6413903743314,0.7073676406966218,0.7298940725242987,0.1170266270384669
18.716,-2.80902,2809.02,402.51883689839576,2406.501163101604,0.7035914992467304,0.7258977716607569,0.11804989434633277
18.751,-2.83036,2830.36,402.50877673796793,2427.8512232620324,0.6996749941898386,0.7217476972910094,0.11909721249638014
18.783,-2.85217,2852.17,402.4995788770054,2449.670421122995,0.696066790859533,0.7179194611871083,0.12016754399744146
18.817,-2.87441,2874.4100000000003,402.48980614973266,2471.9201938502674,0.6922033565104907,0.7138152099873294,0.12125899716603215
18.85,-2.89706,2897.0600000000004,402.480320855615,2494.5796791443854,0.6884241583030735,0.7097953224820099,0.12237054861089633
18.885,-2.9201,2920.1000000000004,402.47026069518716,2517.629739304813,0.684384186434402,0.7054925658393649,0.12350125954024742
18.919,-2.94349,2943.4900000000002,402.46048796791445,2541.0295120320857,0.6804283183569978,0.7012740092941686,0.12464912547130831
18.953,-2.96721,2967.21,402.4507152406417,2564.7592847593583,0.6764406675415225,0.6970161501111445,0.12581317941246933
18.986,-2.9912,2991.2000000000003,402.44122994652406,2588.7587700534764,0.6725390597377814,0.6928448899950159,0.12699046398925531
19.021,-3.01545,3015.45,402.4311697860963,2613.0188302139036,0.6683674885544282,0.6883793975834802,0.12818053095564022
19.054,-3.0399,3039.8999999999996,402.4216844919786,2637.478315508021,0.6644024037726859,0.6841296425421951,0.12938038063741422
19.088,-3.06452,3064.52,402.4119117647059,2662.108088235294,0.6602840598555514,0.6797101701485092,0.13058858369703022
19.121,-3.08927,3089.27,402.40242647058824,2686.867573529412,0.6562545158855021,0.6753807065466068,0.13180314975162255
19.156,-3.11411,3114.11,402.39236631016047,2711.7176336898397,0.6519463172644088,0.6707462636448903,0.13302215891788352
19.189,-3.13899,3138.9900000000002,402.3828810160428,2736.6071189839577,0.647851744424075,0.6663363868386336,0.13424310206736378
19.223,-3.16388,3163.8799999999997,402.3731082887701,2761.5068917112294,0.6435995163131346,0.6617513567558257,0.1354645498625162
19.256,-3.18873,3188.73,402.3636229946524,2786.3663770053477,0.6394397836411426,0.6572609053304114,0.13668402137471466
19.289,-3.21349,3213.4900000000002,402.35413770053475,2811.1358622994653,0.6352475660003177,0.6527302841911398,0.1378990779750676
19.322,-3.23812,3238.12,402.34465240641714,2835.775347593583,0.6310230074481719,0.6481596714061227,0.13910775748053258
19.356,-3.26259,3262.5899999999997,402.3348796791444,2860.2551203208554,0.6266373066796214,0.6434095932889398,0.1403086023537394
19.39,-3.28685,3286.85,402.32510695187165,2884.5248930481284,0.6222187302408058,0.6386188615709049,0.1414991457659734
19.422,-3.31085,3310.85,402.3159090909091,2908.534090909091,0.6180294266889799,0.6340720447300314,0.1426769067886084
19.456,-3.33455,3334.55,402.30613636363637,2932.243863636364,0.6135461108838874,0.6292012576607751,0.1438399796382482
19.49,-3.35793,3357.9300000000003,402.29636363636365,2955.6336363636365,0.6090310325802089,0.6242911929715247,0.14498735502354848
19.522,-3.38093,3380.9300000000003,402.2871657754011,2978.642834224599,0.6047520974765732,0.619633538307626,0.14611606147012243
19.557,-3.40353,3403.5299999999997,402.27710561497327,3001.2528943850266,0.6000403433656107,0.6145000664351437,0.14722518838600668
19.589,-3.42568,3425.68,402.2679077540107,3023.4120922459892,0.5957040392430887,0.6097714682458807,0.14831219844292876
19.622,-3.44736,3447.36,402.25842245989304,3045.101577540107,0.5912035254316147,0.6048596102169135,0.1493761669490137
19.656,-3.46852,3468.52,402.2486497326203,3066.2713502673796,0.586537730429038,0.5997631664787977,0.1504146411754585
19.69,-3.48914,3489.14,402.2388770053476,3086.9011229946523,0.5818437485702389,0.5946318649379904,0.1514266259308303
19.723,-3.5092,3509.2,402.22939171122994,3106.9706082887697,0.5772611874579237,0.5896185420307412,0.15241112602369639
19.757,-3.52866,3528.66,402.2196189839572,3126.4403810160425,0.5725130987090099,0.5844203273613336,0.15336620747083743
19.791,-3.5475,3547.5,402.2098462566845,3145.2901537433154,0.5677391708841442,0.5791901569579556,0.15429087508082062
19.823,-3.5657,3565.7000000000003,402.20064839572194,3163.499351604278,0.5632225432677251,0.5742385570436657,0.15518411956230163
19.857,-3.58323,3583.23,402.1908756684492,3181.0391243315507,0.5583995211985495,0.5689476700745867,0.15604452567764487
19.89,-3.60008,3600.0800000000004,402.18139037433156,3197.898609625669,0.5536958404594443,0.563784554651313,0.15687156058135507
19.924,-3.61624,3616.24,402.17161764705884,3214.0683823529407,0.5488273537602832,0.5584374371686628,0.15766476192749462
19.956,-3.63168,3631.68,402.1624197860963,3229.517580213904,0.544225183761746,0.553380039125358,0.1584226157790472
19.99,-3.64639,3646.39,402.15264705882356,3244.237352941176,0.5393150374557946,0.5479813949612862,0.1591446879898983
20.023,-3.66036,3660.3599999999997,402.1431617647059,3258.216838235294,0.5345305273566263,0.5427183052551625,0.1598304457145527
20.057,-3.67359,3673.5899999999997,402.1333890374332,3271.4566109625666,0.5295826816364653,0.5372730290864172,0.1604799171528335
20.089,-3.68606,3686.06,402.1241911764706,3283.9358088235294,0.5249095670836371,0.532127877149356,0.1610920789134848
20.123,-3.69778,3697.7799999999997,402.1144184491979,3295.665581550802,0.519928063099787,0.5266409646828139,0.1616674779419134
20.154,-3.70873,3708.73,402.1055080213904,3306.6244919786095,0.5153721587783066,0.5216209403036852,0.16220506264704035
20.188,-3.71891,3718.9100000000003,402.0957352941177,3316.8142647058826,0.5103611051462397,0.516097470639004,0.162704917628335
20.222,-3.72833,3728.33,402.08596256684496,3326.244037433155,0.5053368283839198,0.5105576396900809,0.16316749113182324
20.256,-3.73697,3736.97,402.0761898395722,3334.8938101604276,0.500300367451582,0.5050027317057183,0.1635918020659839
20.287,-3.74486,3744.86,402.06727941176473,3342.792720588235,0.4956981321707843,0.4999253799372862,0.16397927976836407
20.322,-3.75197,3751.9700000000003,402.0572192513369,3349.9127807486634,0.49049164269753415,0.4941799928935712,0.16432855130106291
20.354,-3.75833,3758.33,402.04802139037434,3356.2819786096256,0.4857228707822792,0.4889164802391225,0.16464098960198126
20.388,-3.76394,3763.94,402.0382486631016,3361.9017513368985,0.4806479750677734,0.483314000107987,0.164916665170677
20.421,-3.76879,3768.79,402.02876336898396,3366.761236631016,0.47571549171206756,0.47786781688750385,0.16515504516165475
20.455,-3.7729,3772.9,402.01899064171124,3370.881009358289,0.4706274943042203,0.4722491097590295,0.16535713886625894
20.489,-3.77628,3776.2799999999997,402.0092179144385,3374.270782085561,0.46553444377159753,0.466624140211887,0.16552342273033854
20.521,-3.77892,3778.9199999999996,402.00002005347596,3376.9199799465237,0.4607371619620647,0.46132531140006855,0.16565337800830984
20.555,-3.78085,3780.85,401.99024732620325,3378.8597526737967,0.4556369668912091,0.4556914789173967,0.16574853273710097
20.588,-3.78206,3782.06,401.9807620320856,3380.079237967914,0.4506847214641586,0.4502207902850593,0.16580835407121658
20.622,-3.78257,3782.57,401.97098930481286,3380.599010695187,0.44558124759671996,0.4445828727937147,0.16583385130200104
20.654,-3.78238,3782.3799999999997,401.9617914438503,3380.4182085561492,0.44077777488586856,0.4392763314588072,0.1658249821297196
20.687,-3.7815,3781.5,401.95230614973264,3379.5476938502675,0.43582489429615395,0.43380481164356877,0.16578227939986767
20.72,-3.77995,3779.95,401.94282085561497,3378.0071791443847,0.43087360488713455,0.4283352433167544,0.1657067101040548
20.753,-3.77773,3777.73,401.93333556149736,3375.796664438503,0.4259247841000155,0.42286871107503965,0.1655982742422811
20.787,-3.77485,3774.85,401.92356283422464,3372.9264371657755,0.4208294397590841,0.4172407633130973,0.16545747646021863
20.818,-3.77132,3771.3199999999997,401.91465240641713,3369.4053475935825,0.4161876275541954,0.41211425878895175,0.1652847509039818
20.853,-3.76715,3767.15,401.9045922459893,3365.2454077540106,0.41095221942843935,0.4063328636288046,0.16508068681871219
20.885,-3.76234,3762.34,401.89539438502675,3360.4446056149736,0.4061712625494608,0.4010540496716248,0.16484518550502883
20.917,-3.75691,3756.91,401.8861965240642,3355.023803475936,0.4013968077042774,0.3957832583778773,0.1645792703541876
20.952,-3.75086,3750.8599999999997,401.87613636363636,3348.9838636363634,0.3961827204870691,0.3900281689325253,0.1642829836659232
20.986,-3.7442,3744.2000000000003,401.86636363636364,3342.3336363636367,0.39112618198553173,0.38444809329723684,0.1639567595863501
21.019,-3.73695,3736.9500000000003,401.856878342246,3335.093121657754,0.3862274735681931,0.3790433807071471,0.16360157920698934
21.051,-3.72909,3729.0899999999997,401.8476804812834,3327.242319518716,0.3814868051701038,0.3738142920568542,0.16321646143631977
21.083,-3.72065,3720.65,401.83848262032086,3318.811517379679,0.3767564866890909,0.3685979824016885,0.16280289201153486
21.117,-3.71163,3711.63,401.82870989304814,3309.801290106952,0.3717423026833311,0.3630701979522402,0.16236089913245766
21.15,-3.70204,3702.0400000000004,401.8192245989305,3300.22077540107,0.3668877806335966,0.3577200427543107,0.16189093104511412
21.184,-3.69187,3691.8700000000003,401.80945187165776,3290.060548128343,0.3618994829292545,0.3522242239946827,0.16139252540356674
21.218,-3.68115,3681.15,401.79967914438504,3279.350320855615,0.35692527865302387,0.34674580968715407,0.16086713974518577
21.248,-3.66986,3669.8599999999997,401.79105614973264,3268.068943850267,0.35254937697007355,0.34192809654229406,0.1603137365788037
21.284,-3.65802,3658.02,401.78070855614976,3256.23929144385,0.3473148175137069,0.3361672473999649,0.15973343799505757
21.316,-3.64564,3645.6400000000003,401.7715106951872,3243.868489304813,0.34267725460855386,0.3310654868953945,0.1591265935405922
21.348,-3.6327,3632.7,401.7623128342246,3230.937687165775,0.3380557689979023,0.32598358494236845,0.15849227852353256
21.381,-3.61923,3619.23,401.752827540107,3217.477172459893,0.33330715541136086,0.3207642346984923,0.15783197868107224
21.413,-3.60522,3605.2200000000003,401.7436296791444,3203.476370320856,0.32871988802348506,0.3157246002353131,0.15714517526762736
21.445,-3.59068,3590.68,401.73443181818186,3188.945568181818,0.3241507488645989,0.3107073594641691,0.1564323729288701
21.479,-3.57561,3575.61,401.7246590909091,3173.885340909091,0.31931601488005673,0.3054012179266799,0.15569359986462367
21.513,-3.56001,3560.01,401.71488636363637,3158.295113636364,0.3145019723957612,0.3001206366551048,0.15492882787506487
21.546,-3.54389,3543.8900000000003,401.70540106951876,3142.1845989304816,0.3098502898702228,0.2950210251939669,0.15413853340604278
21.579,-3.52725,3527.25,401.6959157754011,3125.554084224599,0.3052200588177531,0.2899479143385687,0.15332273055746892
21.612,-3.51009,3510.09,401.6864304812834,3108.4035695187167,0.3006119602374982,0.28490214586543666,0.15248141932934334
21.645,-3.49242,3492.42,401.6769451871658,3090.743054812834,0.2960266685805335,0.27988455345708974,0.15161509026742662
21.679,-3.47423,3474.23,401.66717245989304,3072.562827540107,0.2913266216227059,0.2747448013848039,0.15072326692586976
21.711,-3.45553,3455.53,401.6579745989305,3053.8720254010695,0.28692647184607156,0.26993632675317875,0.14980639755069863
21.743,-3.43632,3436.3199999999997,401.6487767379679,3034.6712232620316,0.2825503935636927,0.26515759222689983,0.14886451034173634
21.777,-3.41661,3416.61,401.6390040106952,3014.970995989305,0.27792706774730913,0.2601126274423323,0.14789812404456673
21.811,-3.39639,3396.39,401.6292312834225,2994.7607687165773,0.2733306806855679,0.2551009450950435,0.14690671991360593
21.843,-3.37568,3375.68,401.6200334224599,2974.05996657754,0.26903065841959445,0.250416177562977,0.14589125084055213
21.876,-3.35447,3354.4700000000003,401.61054812834226,2952.859451871658,0.2646237099618099,0.24561892599254798,0.14485126857937938
21.909,-3.33276,3332.7599999999998,401.6010628342246,2931.158937165775,0.2602448658148967,0.24085639853699065,0.1437867590301761
21.941,-3.31056,3310.56,401.59186497326203,2908.968135026738,0.25602659519454185,0.23627263921428718,0.14269819863879135
21.974,-3.28788,3287.88,401.5823796791444,2886.2976203208555,0.25170589134963733,0.23158194818525862,0.14158610615080885
22.007,-3.26471,3264.71,401.57289438502676,2863.1371056149733,0.24741521039973358,0.2269283528145809,0.14044997692055647
22.041,-3.24107,3241.07,401.56312165775404,2839.506878342246,0.24302608915820492,0.22217275950256068,0.13929080613946698
22.074,-3.21695,3216.9500000000003,401.5536363636364,2815.3963636363637,0.2387973332940203,0.217595677962737,0.1381080750619566
22.106,-3.19235,3192.35,401.5444385026738,2790.805561497326,0.23472765700459866,0.2131955202227373,0.13690178368802536
22.14,-3.1673,3167.3,401.5346657754011,2765.765334224599,0.23043712229489624,0.20856174131881128,0.1356734459546898
22.173,-3.14178,3141.7799999999997,401.5251804812834,2740.2548195187164,0.2263058933659665,0.20410516582579277,0.134422038470694
22.206,-3.1158,3115.8,401.5156951871658,2714.2843048128343,0.22220838699085396,0.19969025910397795,0.1331480658817101
22.239,-3.08938,3089.3799999999997,401.50620989304815,2687.8737901069517,0.2181451924957423,0.19531774961382178,0.13185250927925934
22.273,-3.06251,3062.51,401.49643716577543,2661.013562834225,0.21399482296671613,0.19085716378837714,0.13053489221749273
22.306,-3.03521,3035.21,401.48695187165777,2633.7230481283423,0.21000199401788106,0.18657160130158457,0.12919616758810826
22.338,-3.00749,3007.4900000000002,401.4777540106952,2606.012245989305,0.20616509561804205,0.18245907340518497,0.12783682593686663
22.371,-2.97934,2979.34,401.46826871657754,2577.8717312834224,0.20224487820304896,0.17826323509608277,0.12645640491783028
22.403,-2.95078,2950.7799999999997,401.459070855615,2549.3209291443845,0.19847946407710307,0.17423903889863432,0.12505585742269734
22.437,-2.92181,2921.81,401.44929812834226,2520.3607018716575,0.1945175241541743,0.17001129048467772,0.12363522575120253
22.468,-2.89246,2892.46,401.44038770053476,2491.0196122994653,0.1909410410576479,0.16620090786439765,0.12219591104106983
22.502,-2.86272,2862.72,401.43061497326204,2461.289385026738,0.18705831173282889,0.16207103975181744,0.12073750734600802
22.536,-2.83261,2832.6099999999997,401.4208422459893,2431.1891577540105,0.18321596018074474,0.15799106591815235,0.11926095345780363
22.568,-2.80213,2802.13,401.41164438502676,2400.7183556149735,0.17963810179136433,0.15419863112400137,0.11776622117663355
22.601,-2.77131,2771.31,401.4021590909091,2369.9078409090907,0.17598857498846213,0.15033728387133521,0.11625482443951424
22.633,-2.74015,2740.1499999999996,401.39296122994654,2338.757038770053,0.17248899499031947,0.14664157891955704,0.1147267350466226
22.668,-2.70866,2708.66,401.3829010695187,2307.2770989304813,0.1687048392996155,0.1426531673072322,0.11318249994336559
22.701,-2.67686,2676.86,401.3734157754011,2275.486584224599,0.1651783638037695,0.1389438760677584,0.11162302972170648
22.733,-2.64476,2644.76,401.36421791443854,2243.3957820855617,0.16179932541653344,0.13539712632777404,0.11004882902731751
22.766,-2.61238,2612.38,401.3547326203209,2211.0252673796795,0.15835691402668997,0.13179171568082307,0.10846090715154301
22.799,-2.57973,2579.73,401.3452473262032,2178.384752673797,0.15495708472761818,0.12823892499390865,0.106859740540232
22.833,-2.54683,2546.83,401.3354745989305,2145.4945254010695,0.15149845357317226,0.12463312189018294,0.10524632438481733
22.867,-2.51369,2513.69,401.32570187165777,2112.3642981283424,0.14808437627188278,0.12108237507841128,0.10362113513114803
22.899,-2.48032,2480.3199999999997,401.3165040106952,2079.0034959893046,0.14491335851859702,0.11779268275431033,0.10198463512516151
22.932,-2.44676,2446.7599999999998,401.30701871657755,2045.452981283422,0.14168707268434683,0.11445434559872643,0.10033882884963498
22.966,-2.413,2413.0,401.2972459893048,2011.7027540106951,0.1384084380172149,0.11107097067038266,0.09868322575880784
22.998,-2.37908,2379.08,401.28804812834227,1977.7919518716576,0.13536563859247092,0.10793972312646594,0.09701974573598776
23.032,-2.34501,2345.0099999999998,401.27827540106955,1943.7317245989302,0.13217853362336757,0.10466945554160234,0.09534893572658168
23.066,-2.31081,2310.81,401.26850267379683,1909.5414973262032,0.12903748697581202,0.10145610390767167,0.09367174862228768
23.098,-2.27649,2276.49,401.2593048128342,1875.2306951871656,0.1261247155276876,0.09848553758141039,0.0919886467690432
23.132,-2.24208,2242.08,401.2495320855615,1840.8304679144385,0.1230762645243742,0.09538661089687223,0.09030115820377636
23.165,-2.2076,2207.6,401.2400467914439,1806.359953208556,0.12016258348997931,0.09243457312815861,0.08861022171827368
23.197,-2.17306,2173.06,401.2308489304813,1771.8291510695187,0.11738102105195677,0.0896261483349335,0.0869163278582958
23.231,-2.13849,2138.49,401.22107620320855,1737.2689237967911,0.11447223598868765,0.08669981392180766,0.08522099056085918
23.263,-2.10391,2103.91,401.211878342246,1702.6981216577537,0.1117784637061853,0.08399987592054849,0.08352513451783884
23.298,-2.06933,2069.33,401.2018181818182,1668.1281818181817,0.10888018134826279,0.0811061729529319,0.08182932077455321
23.332,-2.03479,2034.7900000000002,401.19204545454545,1633.5979545454547,0.10611133883133407,0.07835277176281952,0.08013545511439846
23.365,-2.00029,2000.2900000000002,401.18256016042784,1599.1074398395724,0.10346914072534305,0.07573621838406545,0.07844353753737456
23.4,-1.96586,1965.86,401.1725,1564.6875,0.10071468074367998,0.07302024254250267,0.07675508198049806
23.43,-1.93152,1931.52,401.1638770053476,1530.3561229946524,0.09839465238008138,0.07074285175025648,0.07507097083590923
23.464,-1.89729,1897.29,401.1541042780749,1496.135895721925,0.09581154761773507,0.06821897594044243,0.07339231209433338
23.498,-1.8632,1863.2,401.1443315508022,1462.0556684491978,0.09327453490941141,0.06575205777795068,0.07172052099340608
23.531,-1.82925,1829.25,401.1348462566845,1428.1151537433154,0.09085669328137268,0.06341275205491159,0.07005558343321575
23.565,-1.79548,1795.48,401.1250735294118,1394.3549264705882,0.08841127098953251,0.061059015810004086,0.06839948979662798
23.597,-1.7619,1761.9,401.11587566844923,1360.7841243315509,0.08615246190921753,0.05889658095998333,0.06675268832966867
23.631,-1.72853,1728.53,401.10610294117646,1327.4238970588235,0.08379764504558722,0.05665480957747945,0.06511621652350531
23.665,-1.69539,1695.3899999999999,401.09633021390374,1294.2936697860962,0.08148769912037997,0.05446848643299272,0.06349102726983599
23.699,-1.6625,1662.5,401.086557486631,1261.4134425133689,0.07922230030183426,0.052337211241182256,0.06187810166018193
23.73,-1.62988,1629.88,401.0776470588236,1228.8023529411767,0.07719708623070554,0.0504437857989114,0.06027837848632965
23.765,-1.59754,1597.54,401.06758689839575,1196.4724131016042,0.07495566842401165,0.04836179635301577,0.058692446993420716
23.797,-1.56551,1565.51,401.0583890374332,1164.4516109625667,0.07294724479159388,0.046508770319211336,0.057121680119356005
23.83,-1.53379,1533.79,401.0489037433155,1132.7410962566844,0.07091780185864138,0.04464942138188969,0.055566134263781784
23.864,-1.50242,1502.42,401.0391310160428,1101.3808689839573,0.06886942429211698,0.04278632498203968,0.054027771609740496
23.896,-1.47139,1471.3899999999999,401.02993315508024,1070.3600668449196,0.06698116129206315,0.04108178368729604,0.05250605931173681
23.93,-1.44073,1440.73,401.0201604278075,1039.7098395721925,0.0650165009823262,0.039322137747082694,0.05100252540669886
23.966,-1.41044,1410.4399999999998,401.0098128342246,1009.4301871657752,0.06297981112315677,0.03751278323165877,0.049517169894626616
23.998,-1.38055,1380.55,401.00061497326203,979.5493850267379,0.06120763228506012,0.035951686436331426,0.048051379813332525
24.033,-1.35107,1351.07,400.99055481283426,950.0794451871657,0.059310543678953324,0.03429518676245883,0.04660574440795815
24.067,-1.322,1322.0,400.9807820855615,921.0192179144385,0.057507158332831404,0.03273482558378302,0.04518020727885724
24.101,-1.29336,1293.3600000000001,400.97100935828877,892.3889906417114,0.055742707009509,0.03122257407854563,0.043775763617462576
24.134,-1.26515,1265.15,400.96152406417116,864.1884759358289,0.05406737708391649,0.02980079939001371,0.04239239932386258
24.167,-1.2374,1237.4,400.9520387700535,836.4479612299466,0.05242869015078293,0.028424303398938297,0.04103160013525066
24.201,-1.21009,1210.0900000000001,400.9422660427808,809.1477339572193,0.05077749223947499,0.02705199541261879,0.03969239906001716
24.233,-1.18325,1183.25,400.9330681818182,782.3169318181817,0.04925780693054509,0.025802897420687164,0.03837622543570921
24.268,-1.15688,1156.8799999999999,400.9230080213904,755.9569919786095,0.04763260505041216,0.02448235835472927,0.03708314976188465
24.3,-1.13098,1130.98,400.91381016042783,730.0661898395722,0.0461798957692869,0.02331601855951393,0.03581308743907408
24.335,-1.10556,1105.5600000000002,400.90375,704.6562500000002,0.04462663632942993,0.022084373791111247,0.03456661361250752
24.369,-1.08063,1080.6299999999999,400.8939772727273,679.7360227272726,0.04315172433317159,0.020929890598417572,0.03334416242829926
24.402,-1.05618,1056.1799999999998,400.8844919786096,655.2955080213902,0.04175252646476172,0.019849315403229227,0.03214524334068875
24.435,-1.03221,1032.21,400.875006684492,631.334993315508,0.0403850343450093,0.018807916025689743,0.030969870449587544
24.469,-1.00874,1008.74,400.8652339572193,607.8747660427807,0.03900810844251969,0.0177745045659574,0.029819038946428417
24.503,-0.98577,985.77,400.8554612299465,584.9145387700535,0.03766251326293456,0.01677980441343605,0.028692734731299806
24.537,-0.96328,963.28,400.8456885026738,562.4343114973262,0.036347587649741143,0.015822998318888417,0.027589976712680493
24.569,-0.94128,941.28,400.83649064171124,540.4435093582888,0.035138260160970006,0.0149573790557014,0.026511227236507947
24.604,-0.91978,919.7800000000001,400.82643048128347,518.9535695187167,0.033845768628003814,0.014047934250470748,0.025457047348100628
24.637,-0.89876,898.76,400.8169451871658,497.9430548128342,0.03265497614218707,0.013224857609196795,0.024426385456379457
24.671,-0.87823,878.2299999999999,400.8071724598931,477.4228275401068,0.03145613072242433,0.012411472891522096,0.02341977440683976
24.703,-0.85819,858.19,400.7979745989305,457.39202540106953,0.030353566120599244,0.01167776175061671,0.022437171899746845
24.737,-0.83862,838.62,400.78820187165775,437.83179812834226,0.029208814097961177,0.0109312097231862,0.021477653243225748
24.771,-0.81953,819.53,400.77842914438503,418.75157085561494,0.02809014402509651,0.010216881044736673,0.020541680783213945
24.806,-0.80092,800.92,400.76836898395726,400.1516310160427,0.026964754244758922,0.009513889430187026,0.019629268619623004
24.838,-0.78278,782.7800000000001,400.75917112299464,382.02082887700544,0.025959161381332797,0.00889998321536032,0.018739869807046054
24.873,-0.7651,765.1,400.7491109625669,364.35088903743315,0.02488417089524008,0.008259256621751155,0.017873078399191875
24.905,-0.74788,747.88,400.7399131016043,347.1400868983957,0.02392348270271217,0.007700826410618628,0.017028809796591066
24.939,-0.73112,731.12,400.73014037433154,330.38985962566846,0.022925676088252273,0.007135815357596973,0.016207134498801474
24.972,-0.7148,714.8,400.72065508021393,314.079344919786,0.02197887773842651,0.0066141816579763715,0.01540702911456716
25.006,-0.69893,698.9300000000001,400.7108823529412,298.21911764705885,0.02102510549700637,0.006103568952407725,0.01462901238947189
25.038,-0.6835,683.5,400.70168449197865,282.79831550802135,0.020147311885725078,0.005647543930527849,0.01387255147802033
25.074,-0.66851,668.5100000000001,400.6913368983957,267.8186631016044,0.019181524136662183,0.005161358846289191,0.013137730979681909
25.107,-0.65394,653.9399999999999,400.6818516042781,253.25814839572183,0.01831557479110576,0.004739599011915821,0.0124234711035544
25.142,-0.63979,639.79,400.6717914438503,239.11820855614968,0.017417089481151025,0.004316916026492694,0.011729842349195671
25.175,-0.62606,626.06,400.6623061497326,225.39769385026733,0.016588202204450415,0.00394093662050112,0.01105678831695944
25.209,-0.61273,612.73,400.6525334224599,212.07746657754012,0.015752453147028663,0.003576113925456815,0.010403370215059193
25.242,-0.59981,599.81,400.6430481283423,199.16695187165766,0.014958473624580854,0.0032432524854826912,0.009770050389432391
25.277,-0.58729,587.29,400.63298796791446,186.6570120320855,0.014134042010992809,0.0029120399432716933,0.009156380594053149
25.309,-0.57516,575.16,400.6237901069519,174.53620989304807,0.013395927832745857,0.002628549057229195,0.008561799783603002
25.344,-0.56342,563.4200000000001,400.6137299465241,162.806270053476,0.012605192977553305,0.0023389556912589925,0.007986392557551368
25.377,-0.55206,552.06,400.6042446524064,151.45575534759354,0.01187476900993163,0.002084591849194846,0.007429597870579781
25.411,-0.54107,541.07,400.5944719251337,140.47552807486636,0.011137289399069791,0.0018411422382917126,0.006890967476662352
25.445,-0.53045,530.4499999999999,400.58469919786097,129.86530080213896,0.010414388963960887,0.0016156975074983722,0.006370487275887496
25.479,-0.52019,520.19,400.57492647058825,119.6150735294118,0.009705575210467887,0.0014076488895258831,0.005867666722494624
25.512,-0.51029,510.29,400.5654411764706,109.72455882352943,0.009030809826817025,0.0012220212752812746,0.0053824917165721485
25.547,-0.50074,500.73999999999995,400.5553810160428,100.18461898395714,0.008328657443457644,0.0010418236750296135,0.004914514012094168
25.579,-0.49153,491.53000000000003,400.54618315508026,90.98381684491977,0.007698601479201888,0.0008917806898162309,0.004463172563742241
25.614,-0.48266,482.65999999999997,400.53612299465243,82.12387700534754,0.007022034186099926,0.0007431755104584904,0.004028551970985766
25.647,-0.47413,474.13,400.52663770053476,73.60336229946523,0.006395521520717542,0.0006171298043218301,0.0036105817342669093
25.68,-0.46592,465.92,400.51715240641715,65.40284759358286,0.005779970322343005,0.0005046181078352768,0.00320830896188758
25.714,-0.45803,458.03,400.5073796791444,57.522620320855594,0.005156627914344208,0.00040210714366928227,0.0028217477537593513
25.749,-0.45045,450.45000000000005,400.4973195187166,49.95268048128344,0.004525695699440268,0.00030984442560636513,0.0024504075641216126
25.782,-0.44319,443.19,400.48783422459894,42.702165775401056,0.003940534087913837,0.00023484954625485138,0.002094736639000265
25.817,-0.43623,436.23,400.4777740641711,35.7522259358289,0.003329783814456167,0.0001674999750582401,0.0017538102865203669
25.849,-0.42956,429.56,400.46857620320856,29.091423796791446,0.0027800381269991337,0.00011660593109209885,0.0014270674613634606
25.883,-0.42318,423.18,400.45880347593584,22.72119652406417,0.002204737510085995,7.339794697643577e-05,0.0011145786630873916
25.917,-0.41708,417.08,400.4490307486631,16.630969251336865,0.0016378565189662116,4.0581082220104765e-05,0.0008158251461084105
25.95,-0.41126,411.26,400.43954545454545,10.820454545454538,0.001095453796066888,1.8361885935820828e-05,0.0005307928105149533
25.986,-0.40571,405.71000000000004,400.4291978609626,5.280802139037462,0.0005118637210290466,4.144760163082891e-06,0.0002590475101926806
26.018,-0.40042,400.42,400.42,0.0,-0.0,-0.0,0.0
